Sample Number (10 samples per second),UNIX Timestamp (Milliseconds since 1970-01-01),gear (),brake (),gas (),bat (),temp (),fuel (),vel (),rpm (),odometer (),lat (),lon ()
0,1628271792085,6.0,221.0,0.0,0.0,0.0,0.0,256.0,0.0,92.0,615.0,1705.0
1,1628271792271,6.0,220.0,0.0,0.0,0.0,0.0,256.0,0.0,93.0,615.0,1707.0
2,1628271792671,6.0,220.0,0.0,0.0,0.0,0.0,256.0,0.0,94.0,616.0,1706.0
3,1628271811177,0.0,0.0,0.0,0.0,0.0,256.0,0.0,0.0,6226524.0,1659.0,1708.0
4,1628271816535,0.0,0.0,0.0,0.0,0.0,256.0,0.0,0.0,6095470.0,1661.0,1710.0
5,1628271817031,0.0,0.0,0.0,0.0,0.0,256.0,0.0,0.0,6095469.0,1658.0,1708.0
6,1628271817943,0.0,0.0,0.0,0.0,0.0,256.0,0.0,0.0,6226541.0,1656.0,1704.0
7,1628271886782,0.0,0.0,0.0,0.0,0.0,256.0,0.0,0.0,6095465.0,1663.0,1710.0
8,1628271889822,0.0,0.0,0.0,0.0,0.0,256.0,0.0,0.0,6161008.0,1661.0,1708.0
9,1628271890028,0.0,0.0,0.0,0.0,0.0,256.0,0.0,0.0,6161008.0,1658.0,1703.0
10,1628271891372,0.0,0.0,0.0,0.0,0.0,256.0,0.0,0.0,6161007.0,1656.0,1703.0
11,1628271891788,0.0,0.0,0.0,0.0,0.0,256.0,0.0,0.0,6095471.0,1657.0,1704.0
12,1628271895261,0.0,0.0,0.0,0.0,0.0,256.0,0.0,0.0,6095469.0,1657.0,1704.0
13,1628271898411,0.0,0.0,0.0,0.0,0.0,256.0,0.0,0.0,6161003.0,1658.0,1706.0
14,1628271898619,0.0,0.0,0.0,0.0,0.0,256.0,0.0,0.0,6161002.0,1662.0,1709.0
15,1628271899035,0.0,0.0,0.0,0.0,0.0,256.0,0.0,0.0,6095466.0,1659.0,1707.0
16,1628271899771,0.0,0.0,0.0,0.0,0.0,256.0,0.0,0.0,6095465.0,1660.0,1707.0
17,1628271900091,0.0,0.0,0.0,0.0,0.0,256.0,0.0,0.0,6161002.0,1660.0,1707.0
18,1628271901770,0.0,0.0,0.0,0.0,0.0,256.0,0.0,0.0,6161000.0,1661.0,1708.0
19,1628271939664,6.0,216.0,0.0,0.0,0.0,0.0,256.0,0.0,93.0,610.0,1705.0
20,1628271940080,6.0,216.0,0.0,0.0,0.0,0.0,256.0,0.0,92.0,609.0,1709.0
21,1628271940511,6.0,216.0,0.0,0.0,0.0,0.0,256.0,0.0,94.0,609.0,1707.0
22,1628271941663,6.0,217.0,0.0,0.0,0.0,0.0,256.0,0.0,93.0,607.0,1710.0
23,1628271944079,6.0,216.0,0.0,0.0,0.0,0.0,256.0,0.0,94.0,611.0,1708.0
24,1628271944399,6.0,217.0,0.0,0.0,0.0,0.0,256.0,0.0,94.0,618.0,1707.0
25,1628271966024,6.0,217.0,0.0,0.0,0.0,0.0,256.0,0.0,91.0,611.0,1708.0
26,1628271967066,6.0,216.0,0.0,0.0,0.0,0.0,256.0,0.0,93.0,610.0,1707.0
27,1628271969384,6.0,216.0,0.0,0.0,0.0,0.0,256.0,0.0,94.0,608.0,1707.0
28,1628271971591,6.0,215.0,0.0,0.0,0.0,0.0,256.0,0.0,95.0,607.0,1704.0
29,1628271990483,6.0,215.0,0.0,0.0,0.0,0.0,256.0,0.0,94.0,614.0,1706.0
30,1628271991426,6.0,217.0,0.0,0.0,0.0,0.0,256.0,0.0,95.0,613.0,1708.0
31,1628271991634,6.0,215.0,0.0,0.0,0.0,0.0,256.0,0.0,94.0,613.0,1706.0
32,1628271992370,6.0,215.0,0.0,0.0,0.0,0.0,256.0,0.0,94.0,612.0,1708.0
33,1628271993842,6.0,215.0,0.0,0.0,0.0,0.0,256.0,0.0,94.0,611.0,1709.0
34,1628272000560,6.0,215.0,0.0,0.0,0.0,0.0,256.0,0.0,94.0,621.0,1708.0
35,1628272001407,6.0,214.0,0.0,0.0,0.0,0.0,256.0,0.0,95.0,625.0,1705.0
36,1628272010637,6.0,215.0,0.0,0.0,0.0,0.0,256.0,0.0,93.0,619.0,1705.0
37,1628272013260,6.0,216.0,0.0,0.0,0.0,0.0,256.0,0.0,94.0,618.0,1706.0
38,1628272013469,6.0,216.0,0.0,0.0,0.0,0.0,256.0,0.0,94.0,617.0,1709.0
39,1628272014844,6.0,215.0,0.0,0.0,0.0,0.0,256.0,0.0,94.0,616.0,1704.0
40,1628272018412,6.0,215.0,0.0,0.0,0.0,0.0,256.0,0.0,94.0,614.0,1706.0
41,1628272025018,6.0,217.0,0.0,0.0,0.0,0.0,256.0,0.0,93.0,609.0,1711.0
42,1628272025865,6.0,217.0,0.0,0.0,0.0,0.0,256.0,0.0,94.0,609.0,1704.0
43,1628275398736,5.0,218.0,0.0,0.0,0.0,0.0,256.0,0.0,96.0,624.0,1450.0
44,1628275399040,5.0,218.0,0.0,0.0,0.0,0.0,256.0,0.0,93.0,624.0,1452.0
45,1628275399936,5.0,219.0,0.0,0.0,0.0,0.0,256.0,0.0,94.0,623.0,1454.0
46,1628275424104,5.0,219.0,0.0,0.0,0.0,0.0,256.0,0.0,95.0,626.0,1451.0
47,1628275554735,0.0,0.0,0.0,0.0,0.0,256.0,0.0,0.0,6160995.0,1404.0,1452.0
48,1628275916958,1.0,0.0,0.0,0.0,23.25,619.0,1428.0,1474.0,0.0,0.0,0.0
49,1628275917054,1.0,0.0,0.0,0.0,23.5,619.0,1428.0,1473.0,0.0,0.0,0.0
50,1628275917151,1.0,0.0,0.0,0.0,23.5,618.0,1428.0,1473.0,0.0,0.0,0.0
51,1628275917247,1.0,0.0,0.0,0.0,23.25,619.0,1428.0,1474.0,0.0,0.0,0.0
52,1628275917359,1.0,0.0,0.0,0.0,23.25,619.0,1431.0,1477.0,0.0,0.0,0.0
53,1628275917454,1.0,0.0,0.0,0.0,23.75,618.0,1430.0,1477.0,0.0,0.0,0.0
54,1628275917567,1.0,0.0,0.0,0.0,23.75,619.0,1429.0,1474.0,0.0,0.0,0.0
55,1628275917662,1.0,0.0,0.0,0.0,23.75,619.0,1429.0,1475.0,0.0,0.0,0.0
56,1628275917759,1.0,0.0,0.0,0.0,23.75,618.0,1429.0,1475.0,0.0,0.0,0.0
57,1628275917871,1.0,0.0,0.0,0.0,23.5,618.0,1427.0,1472.0,0.0,0.0,0.0
58,1628275917966,1.0,0.0,0.0,0.0,23.5,618.0,1427.0,1472.0,0.0,0.0,0.0
59,1628275918062,1.0,0.0,0.0,0.0,23.25,618.0,1426.0,1472.0,0.0,0.0,0.0
60,1628275918174,1.0,0.0,0.0,0.0,23.25,618.0,1427.0,1473.0,0.0,0.0,0.0
61,1628275918271,1.0,0.0,0.0,0.0,23.5,618.0,1426.0,1471.0,0.0,0.0,0.0
62,1628275918383,1.0,0.0,0.0,0.0,23.5,617.0,1428.0,1473.0,0.0,0.0,0.0
63,1628275918477,1.0,0.0,0.0,0.0,23.5,617.0,1428.0,1473.0,0.0,0.0,0.0
64,1628275918573,1.0,0.0,0.0,0.0,23.5,617.0,1428.0,1473.0,0.0,0.0,0.0
65,1628275918688,1.0,0.0,0.0,0.0,23.25,618.0,1426.0,1472.0,0.0,0.0,0.0
66,1628275918782,1.0,0.0,0.0,0.0,23.25,617.0,1425.0,1471.0,0.0,0.0,0.0
67,1628275918877,1.0,0.0,0.0,0.0,23.75,618.0,1425.0,1471.0,0.0,0.0,0.0
68,1628275918990,1.0,0.0,0.0,0.0,23.75,617.0,1424.0,1470.0,0.0,0.0,0.0
69,1628275919086,1.0,0.0,0.0,0.0,23.5,617.0,1423.0,1469.0,0.0,0.0,0.0
70,1628275919198,1.0,0.0,0.0,0.0,23.5,616.0,1423.0,1468.0,0.0,0.0,0.0
71,1628275919293,1.0,0.0,0.0,0.0,22.5,616.0,1423.0,1468.0,0.0,0.0,0.0
72,1628275919389,1.0,0.0,0.0,0.0,22.5,617.0,1421.0,1467.0,0.0,0.0,0.0
73,1628275919502,1.0,0.0,0.0,0.0,23.75,616.0,1421.0,1466.0,0.0,0.0,0.0
74,1628275919597,1.0,0.0,0.0,0.0,23.75,616.0,1420.0,1464.0,0.0,0.0,0.0
75,1628275919693,1.0,0.0,0.0,0.0,23.25,615.0,1420.0,1465.0,0.0,0.0,0.0
76,1628275919806,1.0,0.0,0.0,0.0,23.25,616.0,1420.0,1465.0,0.0,0.0,0.0
77,1628275919902,1.0,0.0,0.0,0.0,23.25,616.0,1421.0,1466.0,0.0,0.0,0.0
78,1628275920014,1.0,0.0,0.0,0.0,23.75,616.0,1422.0,1466.0,0.0,0.0,0.0
79,1628275920110,1.0,0.0,0.0,0.0,23.75,616.0,1423.0,1467.0,0.0,0.0,0.0
80,1628275920206,1.0,0.0,0.0,0.0,23.75,616.0,1421.0,1465.0,0.0,0.0,0.0
81,1628275920318,1.0,0.0,0.0,0.0,23.75,616.0,1420.0,1466.0,0.0,0.0,0.0
82,1628275920414,1.0,0.0,0.0,0.0,23.75,615.0,1416.0,1461.0,0.0,0.0,0.0
83,1628275920510,1.0,0.0,0.0,0.0,23.75,615.0,1416.0,1460.0,0.0,0.0,0.0
84,1628275920622,1.0,0.0,0.0,0.0,23.25,615.0,1416.0,1460.0,0.0,0.0,0.0
85,1628275920718,1.0,0.0,0.0,0.0,23.25,615.0,1416.0,1461.0,0.0,0.0,0.0
86,1628275920829,1.0,0.0,0.0,0.0,23.5,616.0,1416.0,1461.0,0.0,0.0,0.0
87,1628275920925,1.0,0.0,0.0,0.0,23.5,615.0,1419.0,1464.0,0.0,0.0,0.0
88,1628275921021,1.0,0.0,0.0,0.0,23.5,615.0,1417.0,1463.0,0.0,0.0,0.0
89,1628275921133,1.0,0.0,0.0,0.0,23.5,616.0,1419.0,1464.0,0.0,0.0,0.0
90,1628275921231,1.0,0.0,0.0,0.0,23.75,615.0,1418.0,1463.0,0.0,0.0,0.0
91,1628275921326,1.0,0.0,0.0,0.0,23.75,615.0,1418.0,1464.0,0.0,0.0,0.0
92,1628275921437,1.0,0.0,0.0,0.0,23.5,616.0,1418.0,1462.0,0.0,0.0,0.0
93,1628275921533,1.0,0.0,0.0,0.0,23.5,614.0,1417.0,1463.0,0.0,0.0,0.0
94,1628275921645,1.0,0.0,0.0,0.0,23.75,615.0,1417.0,1463.0,0.0,0.0,0.0
95,1628275921741,1.0,0.0,0.0,0.0,23.75,615.0,1418.0,1463.0,0.0,0.0,0.0
96,1628275921837,1.0,0.0,0.0,0.0,23.5,615.0,1417.0,1463.0,0.0,0.0,0.0
97,1628275921950,1.0,0.0,0.0,0.0,23.5,614.0,1416.0,1462.0,0.0,0.0,0.0
98,1628275922046,1.0,0.0,0.0,0.0,23.75,615.0,1416.0,1460.0,0.0,0.0,0.0
99,1628275922141,1.0,0.0,0.0,0.0,23.75,614.0,1415.0,1461.0,0.0,0.0,0.0
100,1628275922253,1.0,0.0,0.0,0.0,23.5,614.0,1414.0,1459.0,0.0,0.0,0.0
101,1628275922349,1.0,0.0,0.0,0.0,23.5,615.0,1414.0,1459.0,0.0,0.0,0.0
102,1628275922462,1.0,0.0,0.0,0.0,23.5,615.0,1412.0,1459.0,0.0,0.0,0.0
103,1628275922556,1.0,0.0,0.0,0.0,23.5,614.0,1412.0,1458.0,0.0,0.0,0.0
104,1628275922652,1.0,0.0,0.0,0.0,23.5,614.0,1411.0,1457.0,0.0,0.0,0.0
105,1628275922765,1.0,0.0,0.0,0.0,23.5,615.0,1411.0,1457.0,0.0,0.0,0.0
106,1628275922864,1.0,0.0,0.0,0.0,23.75,614.0,1410.0,1455.0,0.0,0.0,0.0
107,1628275922973,1.0,0.0,0.0,0.0,23.75,614.0,1406.0,1451.0,0.0,0.0,0.0
108,1628275923068,1.0,0.0,0.0,0.0,23.75,613.0,1407.0,1452.0,0.0,0.0,0.0
109,1628275923165,1.0,0.0,0.0,0.0,23.75,614.0,1406.0,1452.0,0.0,0.0,0.0
110,1628275923278,1.0,0.0,0.0,0.0,23.75,614.0,1406.0,1452.0,0.0,0.0,0.0
111,1628275923373,1.0,0.0,0.0,0.0,23.75,614.0,1406.0,1452.0,0.0,0.0,0.0
112,1628275923468,1.0,0.0,0.0,0.0,23.75,613.0,1408.0,1453.0,0.0,0.0,0.0
113,1628275923580,1.0,0.0,0.0,0.0,23.75,613.0,1407.0,1453.0,0.0,0.0,0.0
114,1628275923680,1.0,0.0,0.0,0.0,23.75,614.0,1408.0,1453.0,0.0,0.0,0.0
115,1628275923789,1.0,0.0,0.0,0.0,23.75,614.0,1407.0,1453.0,0.0,0.0,0.0
116,1628275923884,1.0,0.0,0.0,0.0,23.5,614.0,1408.0,1454.0,0.0,0.0,0.0
117,1628275923981,1.0,0.0,0.0,0.0,23.5,613.0,1407.0,1453.0,0.0,0.0,0.0
118,1628275924092,1.0,0.0,0.0,0.0,23.0,614.0,1406.0,1452.0,0.0,0.0,0.0
119,1628275924188,1.0,0.0,0.0,0.0,23.0,613.0,1406.0,1451.0,0.0,0.0,0.0
120,1628275924286,1.0,0.0,0.0,0.0,23.75,613.0,1406.0,1453.0,0.0,0.0,0.0
121,1628275924398,1.0,0.0,0.0,0.0,23.75,614.0,1405.0,1451.0,0.0,0.0,0.0
122,1628275924492,1.0,0.0,0.0,0.0,23.75,613.0,1407.0,1453.0,0.0,0.0,0.0
123,1628275924604,1.0,0.0,0.0,0.0,23.75,612.0,1406.0,1453.0,0.0,0.0,0.0
124,1628275924700,1.0,0.0,0.0,0.0,23.75,613.0,1407.0,1452.0,0.0,0.0,0.0
125,1628275924797,1.0,0.0,0.0,0.0,23.75,613.0,1408.0,1453.0,0.0,0.0,0.0
126,1628275924909,1.0,0.0,0.0,0.0,23.5,613.0,1408.0,1453.0,0.0,0.0,0.0
127,1628275925004,1.0,0.0,0.0,0.0,23.75,614.0,1408.0,1453.0,0.0,0.0,0.0
128,1628275925101,1.0,0.0,0.0,0.0,23.75,613.0,1408.0,1454.0,0.0,0.0,0.0
129,1628275925211,1.0,0.0,0.0,0.0,23.5,614.0,1409.0,1452.0,0.0,0.0,0.0
130,1628275925309,1.0,0.0,0.0,0.0,23.5,613.0,1408.0,1455.0,0.0,0.0,0.0
131,1628275925421,1.0,0.0,0.0,0.0,23.5,612.0,1408.0,1453.0,0.0,0.0,0.0
132,1628275925517,1.0,0.0,0.0,0.0,23.5,613.0,1405.0,1452.0,0.0,0.0,0.0
133,1628275925611,1.0,0.0,0.0,0.0,23.75,612.0,1406.0,1452.0,0.0,0.0,0.0
134,1628275925725,1.0,0.0,0.0,0.0,23.75,613.0,1406.0,1452.0,0.0,0.0,0.0
135,1628275925821,1.0,0.0,0.0,0.0,23.75,613.0,1407.0,1454.0,0.0,0.0,0.0
136,1628275925916,1.0,0.0,0.0,0.0,23.75,612.0,1406.0,1453.0,0.0,0.0,0.0
137,1628275926028,1.0,0.0,0.0,0.0,23.5,612.0,1406.0,1454.0,0.0,0.0,0.0
138,1628275926125,1.0,0.0,0.0,0.0,23.5,612.0,1408.0,1454.0,0.0,0.0,0.0
139,1628275926236,1.0,0.0,0.0,0.0,23.5,612.0,1408.0,1454.0,0.0,0.0,0.0
140,1628275926332,1.0,0.0,0.0,0.0,23.5,612.0,1407.0,1453.0,0.0,0.0,0.0
141,1628275926428,1.0,0.0,0.0,0.0,23.5,612.0,1407.0,1453.0,0.0,0.0,0.0
142,1628275926540,1.0,0.0,0.0,0.0,23.5,612.0,1404.0,1451.0,0.0,0.0,0.0
143,1628275926637,1.0,0.0,0.0,0.0,23.5,611.0,1405.0,1451.0,0.0,0.0,0.0
144,1628275926731,1.0,0.0,0.0,0.0,23.5,612.0,1404.0,1450.0,0.0,0.0,0.0
145,1628275926845,1.0,0.0,0.0,0.0,22.75,612.0,1402.0,1448.0,0.0,0.0,0.0
146,1628275926940,1.0,0.0,0.0,0.0,22.75,611.0,1401.0,1449.0,0.0,0.0,0.0
147,1628275927053,1.0,0.0,0.0,0.0,23.0,611.0,1402.0,1448.0,0.0,0.0,0.0
148,1628275927148,1.0,0.0,0.0,0.0,23.0,611.0,1401.0,1447.0,0.0,0.0,0.0
149,1628275927245,1.0,0.0,0.0,0.0,23.75,611.0,1401.0,1447.0,0.0,0.0,0.0
150,1628275927356,1.0,0.0,0.0,0.0,23.75,611.0,1400.0,1447.0,0.0,0.0,0.0
151,1628275927451,1.0,0.0,0.0,0.0,23.75,612.0,1400.0,1446.0,0.0,0.0,0.0
152,1628275927547,1.0,0.0,0.0,0.0,23.75,611.0,1402.0,1449.0,0.0,0.0,0.0
153,1628275927659,1.0,0.0,0.0,0.0,23.5,611.0,1402.0,1449.0,0.0,0.0,0.0
154,1628275927756,1.0,0.0,0.0,0.0,23.5,612.0,1403.0,1449.0,0.0,0.0,0.0
155,1628275927868,1.0,0.0,0.0,0.0,23.75,611.0,1404.0,1451.0,0.0,0.0,0.0
156,1628275927963,1.0,0.0,0.0,0.0,23.75,611.0,1402.0,1450.0,0.0,0.0,0.0
157,1628275928060,1.0,0.0,0.0,0.0,23.75,611.0,1399.0,1446.0,0.0,0.0,0.0
158,1628275928172,1.0,0.0,0.0,0.0,23.75,611.0,1399.0,1447.0,0.0,0.0,0.0
159,1628275928268,1.0,0.0,0.0,0.0,23.5,611.0,1400.0,1447.0,0.0,0.0,0.0
160,1628275928363,1.0,0.0,0.0,0.0,23.5,611.0,1403.0,1449.0,0.0,0.0,0.0
161,1628275928475,1.0,0.0,0.0,0.0,23.75,611.0,1403.0,1450.0,0.0,0.0,0.0
162,1628275928571,1.0,0.0,0.0,0.0,23.75,611.0,1405.0,1450.0,0.0,0.0,0.0
163,1628275928684,1.0,0.0,0.0,0.0,23.25,610.0,1403.0,1450.0,0.0,0.0,0.0
164,1628275928779,1.0,0.0,0.0,0.0,23.25,611.0,1402.0,1449.0,0.0,0.0,0.0
165,1628275928875,1.0,0.0,0.0,0.0,23.25,610.0,1404.0,1450.0,0.0,0.0,0.0
166,1628275928987,1.0,0.0,0.0,0.0,23.25,611.0,1403.0,1449.0,0.0,0.0,0.0
167,1628275929083,1.0,0.0,0.0,0.0,23.5,611.0,1402.0,1450.0,0.0,0.0,0.0
168,1628275929179,1.0,0.0,0.0,0.0,23.5,610.0,1402.0,1450.0,0.0,0.0,0.0
169,1628275929291,1.0,0.0,0.0,0.0,23.25,610.0,1401.0,1449.0,0.0,0.0,0.0
170,1628275929386,1.0,0.0,0.0,0.0,23.25,610.0,1401.0,1449.0,0.0,0.0,0.0
171,1628275929500,1.0,0.0,0.0,0.0,23.5,611.0,1401.0,1448.0,0.0,0.0,0.0
172,1628275929595,1.0,0.0,0.0,0.0,23.5,610.0,1400.0,1448.0,0.0,0.0,0.0
173,1628275929690,1.0,0.0,0.0,0.0,23.75,610.0,1400.0,1447.0,0.0,0.0,0.0
174,1628275929803,1.0,0.0,0.0,0.0,23.75,611.0,1398.0,1445.0,0.0,0.0,0.0
175,1628275929901,1.0,0.0,0.0,0.0,23.0,608.0,1399.0,1446.0,0.0,0.0,0.0
176,1628275930011,1.0,0.0,0.0,0.0,23.0,609.0,1401.0,1448.0,0.0,0.0,0.0
177,1628275930106,1.0,0.0,0.0,0.0,23.25,610.0,1403.0,1450.0,0.0,0.0,0.0
178,1628275930204,1.0,0.0,0.0,0.0,23.5,610.0,1404.0,1449.0,0.0,0.0,0.0
179,1628275930316,1.0,0.0,0.0,0.0,23.5,610.0,1402.0,1450.0,0.0,0.0,0.0
180,1628275930412,1.0,0.0,0.0,0.0,23.25,609.0,1402.0,1447.0,0.0,0.0,0.0
181,1628275930507,1.0,0.0,0.0,0.0,23.25,609.0,1403.0,1450.0,0.0,0.0,0.0
182,1628275930620,1.0,0.0,0.0,0.0,23.75,610.0,1401.0,1448.0,0.0,0.0,0.0
183,1628275930715,1.0,0.0,0.0,0.0,23.75,609.0,1401.0,1448.0,0.0,0.0,0.0
184,1628275930811,1.0,0.0,0.0,0.0,23.5,610.0,1402.0,1448.0,0.0,0.0,0.0
185,1628275930922,1.0,0.0,0.0,0.0,23.5,609.0,1401.0,1449.0,0.0,0.0,0.0
186,1628275931018,1.0,0.0,0.0,0.0,23.0,609.0,1402.0,1449.0,0.0,0.0,0.0
187,1628275931131,1.0,0.0,0.0,0.0,23.0,609.0,1403.0,1450.0,0.0,0.0,0.0
188,1628275931226,1.0,0.0,0.0,0.0,23.5,609.0,1403.0,1450.0,0.0,0.0,0.0
189,1628275931324,1.0,0.0,0.0,0.0,23.5,609.0,1404.0,1450.0,0.0,0.0,0.0
190,1628275931434,1.0,0.0,0.0,0.0,23.0,610.0,1403.0,1449.0,0.0,0.0,0.0
191,1628275931532,1.0,0.0,0.0,0.0,23.0,609.0,1403.0,1450.0,0.0,0.0,0.0
192,1628275931642,1.0,0.0,0.0,0.0,23.75,610.0,1403.0,1451.0,0.0,0.0,0.0
193,1628275931741,1.0,0.0,0.0,0.0,23.75,609.0,1404.0,1453.0,0.0,0.0,0.0
194,1628275931835,1.0,0.0,0.0,0.0,23.5,609.0,1404.0,1450.0,0.0,0.0,0.0
195,1628275931947,1.0,0.0,0.0,0.0,23.5,609.0,1403.0,1450.0,0.0,0.0,0.0
196,1628275932044,1.0,0.0,0.0,0.0,23.75,608.0,1402.0,1449.0,0.0,0.0,0.0
197,1628275932139,1.0,0.0,0.0,0.0,23.75,608.0,1403.0,1450.0,0.0,0.0,0.0
198,1628275932251,1.0,0.0,0.0,0.0,24.0,609.0,1406.0,1452.0,0.0,0.0,0.0
199,1628275932347,1.0,0.0,0.0,0.0,24.0,609.0,1405.0,1453.0,0.0,0.0,0.0
200,1628275932443,1.0,0.0,0.0,0.0,22.5,608.0,1405.0,1453.0,0.0,0.0,0.0
201,1628275932554,1.0,0.0,0.0,0.0,22.5,608.0,1405.0,1452.0,0.0,0.0,0.0
202,1628275932651,1.0,0.0,0.0,0.0,23.75,607.0,1404.0,1452.0,0.0,0.0,0.0
203,1628275932762,1.0,0.0,0.0,0.0,23.75,609.0,1404.0,1451.0,0.0,0.0,0.0
204,1628275932858,1.0,0.0,0.0,0.0,23.5,609.0,1402.0,1449.0,0.0,0.0,0.0
205,1628275932954,1.0,0.0,0.0,0.0,23.5,608.0,1402.0,1450.0,0.0,0.0,0.0
206,1628275933066,1.0,0.0,0.0,0.0,23.0,608.0,1400.0,1448.0,0.0,0.0,0.0
207,1628275933161,1.0,0.0,0.0,0.0,23.0,608.0,1399.0,1447.0,0.0,0.0,0.0
208,1628275933275,1.0,0.0,0.0,0.0,23.5,608.0,1398.0,1445.0,0.0,0.0,0.0
209,1628275933371,1.0,0.0,0.0,0.0,23.5,608.0,1399.0,1446.0,0.0,0.0,0.0
210,1628275933465,1.0,0.0,0.0,0.0,23.5,608.0,1401.0,1447.0,0.0,0.0,0.0
211,1628275933578,1.0,0.0,0.0,0.0,23.5,608.0,1402.0,1449.0,0.0,0.0,0.0
212,1628275933674,1.0,0.0,0.0,0.0,23.75,608.0,1403.0,1450.0,0.0,0.0,0.0
213,1628275933770,1.0,0.0,0.0,0.0,23.75,607.0,1405.0,1452.0,0.0,0.0,0.0
214,1628275933882,1.0,0.0,0.0,0.0,23.75,607.0,1405.0,1452.0,0.0,0.0,0.0
215,1628275933978,1.0,0.0,0.0,0.0,23.75,607.0,1405.0,1451.0,0.0,0.0,0.0
216,1628275934091,1.0,0.0,0.0,0.0,23.75,607.0,1405.0,1452.0,0.0,0.0,0.0
217,1628275934186,1.0,0.0,0.0,0.0,23.75,607.0,1407.0,1453.0,0.0,0.0,0.0
218,1628275934281,1.0,0.0,0.0,0.0,22.25,608.0,1406.0,1453.0,0.0,0.0,0.0
219,1628275934394,1.0,0.0,0.0,0.0,22.25,606.0,1406.0,1453.0,0.0,0.0,0.0
220,1628275934491,1.0,0.0,0.0,0.0,23.75,607.0,1406.0,1453.0,0.0,0.0,0.0
221,1628275934586,1.0,0.0,0.0,0.0,23.75,607.0,1406.0,1454.0,0.0,0.0,0.0
222,1628275934698,1.0,0.0,0.0,0.0,23.25,606.0,1406.0,1452.0,0.0,0.0,0.0
223,1628275934794,1.0,0.0,0.0,0.0,23.25,607.0,1406.0,1453.0,0.0,0.0,0.0
224,1628275934907,1.0,0.0,0.0,0.0,23.5,606.0,1407.0,1453.0,0.0,0.0,0.0
225,1628275935001,1.0,0.0,0.0,0.0,23.5,607.0,1407.0,1454.0,0.0,0.0,0.0
226,1628275935097,1.0,0.0,0.0,0.0,24.0,606.0,1406.0,1453.0,0.0,0.0,0.0
227,1628275935210,1.0,0.0,0.0,0.0,23.5,607.0,1408.0,1453.0,0.0,0.0,0.0
228,1628275935306,1.0,0.0,0.0,0.0,23.5,606.0,1408.0,1456.0,0.0,0.0,0.0
229,1628275935402,1.0,0.0,0.0,0.0,23.75,605.0,1408.0,1453.0,0.0,0.0,0.0
230,1628275935514,1.0,0.0,0.0,0.0,23.75,606.0,1409.0,1454.0,0.0,0.0,0.0
231,1628275935611,1.0,0.0,0.0,0.0,23.5,606.0,1406.0,1452.0,0.0,0.0,0.0
232,1628275935721,1.0,0.0,0.0,0.0,23.5,606.0,1405.0,1451.0,0.0,0.0,0.0
233,1628275935817,1.0,0.0,0.0,0.0,23.75,605.0,1406.0,1453.0,0.0,0.0,0.0
234,1628275935913,1.0,0.0,0.0,0.0,23.75,606.0,1405.0,1451.0,0.0,0.0,0.0
235,1628275936025,1.0,0.0,0.0,0.0,23.5,607.0,1406.0,1452.0,0.0,0.0,0.0
236,1628275936121,1.0,0.0,0.0,0.0,23.5,606.0,1406.0,1453.0,0.0,0.0,0.0
237,1628275936218,1.0,0.0,0.0,0.0,23.5,605.0,1407.0,1454.0,0.0,0.0,0.0
238,1628275936330,1.0,0.0,0.0,0.0,23.5,606.0,1407.0,1453.0,0.0,0.0,0.0
239,1628275936425,1.0,0.0,0.0,0.0,23.25,605.0,1407.0,1452.0,0.0,0.0,0.0
240,1628275936539,1.0,0.0,0.0,0.0,23.25,609.0,1420.0,1466.0,0.0,0.0,0.0
241,1628275936634,1.0,0.0,0.0,0.0,23.5,611.0,1424.0,1470.0,0.0,0.0,0.0
242,1628275936730,1.0,0.0,0.0,0.0,23.5,614.0,1428.0,1476.0,0.0,0.0,0.0
243,1628275936840,1.0,0.0,0.0,0.0,23.5,616.0,1430.0,1478.0,0.0,0.0,0.0
244,1628275936939,1.0,0.0,0.0,0.0,23.5,618.0,1432.0,1480.0,0.0,0.0,0.0
245,1628275937034,1.0,0.0,0.0,0.0,23.75,619.0,1433.0,1481.0,0.0,0.0,0.0
246,1628275937146,1.0,0.0,0.0,0.0,23.75,620.0,1437.0,1485.0,0.0,0.0,0.0
247,1628275937240,1.0,0.0,0.0,0.0,23.5,621.0,1436.0,1483.0,0.0,0.0,0.0
248,1628275937353,1.0,0.0,0.0,0.0,23.5,621.0,1435.0,1482.0,0.0,0.0,0.0
249,1628275937449,1.0,0.0,0.0,0.0,23.0,623.0,1438.0,1485.0,0.0,0.0,0.0
250,1628275937545,1.0,0.0,0.0,0.0,23.0,623.0,1439.0,1485.0,0.0,0.0,0.0
251,1628275937657,1.0,0.0,0.0,0.0,24.0,624.0,1439.0,1485.0,0.0,0.0,0.0
252,1628275937754,1.0,0.0,0.0,0.0,24.0,624.0,1440.0,1486.0,0.0,0.0,0.0
253,1628275937849,1.0,0.0,0.0,0.0,23.0,623.0,1440.0,1488.0,0.0,0.0,0.0
254,1628275937960,1.0,0.0,0.0,0.0,23.0,624.0,1440.0,1487.0,0.0,0.0,0.0
255,1628275938056,1.0,0.0,0.0,0.0,23.5,623.0,1441.0,1488.0,0.0,0.0,0.0
256,1628275938170,1.0,0.0,0.0,0.0,23.5,625.0,1440.0,1488.0,0.0,0.0,0.0
257,1628275938265,1.0,0.0,0.0,0.0,23.5,625.0,1441.0,1488.0,0.0,0.0,0.0
258,1628275938360,1.0,0.0,0.0,0.0,23.5,624.0,1442.0,1490.0,0.0,0.0,0.0
259,1628275938472,1.0,0.0,0.0,0.0,23.25,624.0,1443.0,1488.0,0.0,0.0,0.0
260,1628275938570,1.0,0.0,0.0,0.0,23.25,624.0,1442.0,1489.0,0.0,0.0,0.0
261,1628275938665,1.0,0.0,0.0,0.0,23.5,625.0,1444.0,1491.0,0.0,0.0,0.0
262,1628275938776,1.0,0.0,0.0,0.0,23.5,625.0,1446.0,1493.0,0.0,0.0,0.0
263,1628275938872,1.0,0.0,0.0,0.0,23.5,624.0,1448.0,1495.0,0.0,0.0,0.0
264,1628275938986,1.0,0.0,0.0,0.0,23.5,624.0,1446.0,1492.0,0.0,0.0,0.0
265,1628275939080,1.0,0.0,0.0,0.0,23.25,625.0,1443.0,1488.0,0.0,0.0,0.0
266,1628275939177,1.0,0.0,0.0,0.0,23.25,624.0,1442.0,1488.0,0.0,0.0,0.0
267,1628275939289,1.0,0.0,0.0,0.0,23.5,625.0,1441.0,1487.0,0.0,0.0,0.0
268,1628275939385,1.0,0.0,0.0,0.0,23.5,624.0,1440.0,1487.0,0.0,0.0,0.0
269,1628275939481,1.0,0.0,0.0,0.0,23.75,624.0,1440.0,1488.0,0.0,0.0,0.0
270,1628275939592,1.0,0.0,0.0,0.0,23.75,624.0,1444.0,1491.0,0.0,0.0,0.0
271,1628275939688,1.0,0.0,0.0,0.0,23.75,625.0,1444.0,1490.0,0.0,0.0,0.0
272,1628275939801,1.0,0.0,0.0,0.0,23.75,624.0,1443.0,1489.0,0.0,0.0,0.0
273,1628275939897,1.0,0.0,0.0,0.0,23.75,624.0,1444.0,1489.0,0.0,0.0,0.0
274,1628275939993,1.0,0.0,0.0,0.0,23.75,625.0,1441.0,1487.0,0.0,0.0,0.0
275,1628275940104,1.0,0.0,0.0,0.0,23.5,624.0,1444.0,1491.0,0.0,0.0,0.0
276,1628275940199,1.0,0.0,0.0,0.0,23.5,623.0,1446.0,1491.0,0.0,0.0,0.0
277,1628275940312,1.0,0.0,0.0,0.0,23.25,624.0,1445.0,1492.0,0.0,0.0,0.0
278,1628275940408,1.0,0.0,0.0,0.0,23.25,626.0,1445.0,1490.0,0.0,0.0,0.0
279,1628275940505,1.0,0.0,0.0,0.0,23.25,623.0,1444.0,1491.0,0.0,0.0,0.0
280,1628275940616,1.0,0.0,0.0,0.0,24.0,625.0,1444.0,1488.0,0.0,0.0,0.0
281,1628275940712,1.0,0.0,0.0,0.0,24.0,624.0,1447.0,1493.0,0.0,0.0,0.0
282,1628275940809,1.0,0.0,0.0,0.0,23.5,624.0,1445.0,1491.0,0.0,0.0,0.0
283,1628275940919,1.0,0.0,0.0,0.0,23.5,623.0,1446.0,1492.0,0.0,0.0,0.0
284,1628275941016,1.0,0.0,0.0,0.0,23.75,623.0,1448.0,1493.0,0.0,0.0,0.0
285,1628275941114,1.0,0.0,0.0,0.0,23.75,624.0,1447.0,1492.0,0.0,0.0,0.0
286,1628275941224,1.0,0.0,0.0,0.0,23.5,624.0,1447.0,1493.0,0.0,0.0,0.0
287,1628275941319,1.0,0.0,0.0,0.0,23.5,623.0,1447.0,1492.0,0.0,0.0,0.0
288,1628275941432,1.0,0.0,0.0,0.0,23.75,623.0,1447.0,1492.0,0.0,0.0,0.0
289,1628275941529,1.0,0.0,0.0,0.0,23.75,623.0,1448.0,1493.0,0.0,0.0,0.0
290,1628275941625,1.0,0.0,0.0,0.0,23.5,623.0,1450.0,1496.0,0.0,0.0,0.0
291,1628275941735,1.0,0.0,0.0,0.0,23.5,623.0,1449.0,1495.0,0.0,0.0,0.0
292,1628275941832,1.0,0.0,0.0,0.0,23.75,623.0,1451.0,1497.0,0.0,0.0,0.0
293,1628275941930,1.0,0.0,0.0,0.0,23.75,622.0,1450.0,1496.0,0.0,0.0,0.0
294,1628275942040,1.0,0.0,0.0,0.0,23.5,623.0,1450.0,1495.0,0.0,0.0,0.0
295,1628275942136,1.0,0.0,0.0,0.0,23.5,622.0,1451.0,1497.0,0.0,0.0,0.0
296,1628275942250,1.0,0.0,0.0,0.0,23.5,622.0,1453.0,1500.0,0.0,0.0,0.0
297,1628275942344,1.0,0.0,0.0,0.0,23.5,623.0,1454.0,1499.0,0.0,0.0,0.0
298,1628275942440,1.0,0.0,0.0,0.0,23.75,622.0,1450.0,1497.0,0.0,0.0,0.0
299,1628275942552,1.0,0.0,0.0,0.0,23.75,622.0,1450.0,1495.0,0.0,0.0,0.0
300,1628275942648,1.0,0.0,0.0,0.0,23.75,621.0,1449.0,1495.0,0.0,0.0,0.0
301,1628275942746,1.0,0.0,0.0,0.0,23.75,622.0,1448.0,1494.0,0.0,0.0,0.0
302,1628275942856,1.0,0.0,0.0,0.0,23.75,622.0,1449.0,1494.0,0.0,0.0,0.0
303,1628275942951,1.0,0.0,0.0,0.0,23.75,622.0,1448.0,1493.0,0.0,0.0,0.0
304,1628275943063,1.0,0.0,0.0,0.0,23.75,621.0,1448.0,1494.0,0.0,0.0,0.0
305,1628275943160,1.0,0.0,0.0,0.0,23.75,621.0,1449.0,1494.0,0.0,0.0,0.0
306,1628275943256,1.0,0.0,0.0,0.0,24.0,622.0,1450.0,1495.0,0.0,0.0,0.0
307,1628275943367,1.0,0.0,0.0,0.0,24.0,621.0,1449.0,1494.0,0.0,0.0,0.0
308,1628275943463,1.0,0.0,0.0,0.0,24.0,621.0,1447.0,1493.0,0.0,0.0,0.0
309,1628275943576,1.0,0.0,0.0,0.0,24.0,621.0,1448.0,1493.0,0.0,0.0,0.0
310,1628275943672,1.0,0.0,0.0,0.0,23.5,622.0,1448.0,1495.0,0.0,0.0,0.0
311,1628275943768,1.0,0.0,0.0,0.0,23.5,622.0,1449.0,1494.0,0.0,0.0,0.0
312,1628275943880,1.0,0.0,0.0,0.0,24.0,621.0,1450.0,1496.0,0.0,0.0,0.0
313,1628275943974,1.0,0.0,0.0,0.0,24.0,621.0,1450.0,1496.0,0.0,0.0,0.0
314,1628275944071,1.0,0.0,0.0,0.0,23.75,620.0,1449.0,1495.0,0.0,0.0,0.0
315,1628275944184,1.0,0.0,0.0,0.0,23.75,621.0,1448.0,1494.0,0.0,0.0,0.0
316,1628275944279,1.0,0.0,0.0,0.0,24.0,621.0,1448.0,1494.0,0.0,0.0,0.0
317,1628275944392,1.0,0.0,0.0,0.0,24.0,620.0,1449.0,1494.0,0.0,0.0,0.0
318,1628275944489,1.0,0.0,0.0,0.0,23.25,621.0,1448.0,1494.0,0.0,0.0,0.0
319,1628275944583,1.0,0.0,0.0,0.0,23.25,621.0,1447.0,1492.0,0.0,0.0,0.0
320,1628275944694,1.0,0.0,0.0,0.0,23.75,620.0,1447.0,1493.0,0.0,0.0,0.0
321,1628275944792,1.0,0.0,0.0,0.0,23.75,620.0,1449.0,1495.0,0.0,0.0,0.0
322,1628275944888,1.0,0.0,0.0,0.0,23.75,621.0,1448.0,1492.0,0.0,0.0,0.0
323,1628275944999,1.0,0.0,0.0,0.0,23.75,621.0,1447.0,1492.0,0.0,0.0,0.0
324,1628275945095,1.0,0.0,0.0,0.0,23.25,620.0,1447.0,1492.0,0.0,0.0,0.0
325,1628275945207,1.0,0.0,0.0,0.0,23.25,620.0,1446.0,1491.0,0.0,0.0,0.0
326,1628275945304,1.0,0.0,0.0,0.0,23.75,620.0,1446.0,1491.0,0.0,0.0,0.0
327,1628275945398,1.0,0.0,0.0,0.0,23.75,621.0,1448.0,1492.0,0.0,0.0,0.0
328,1628275945510,1.0,0.0,0.0,0.0,23.75,620.0,1448.0,1494.0,0.0,0.0,0.0
329,1628275945606,1.0,0.0,0.0,0.0,23.5,619.0,1446.0,1492.0,0.0,0.0,0.0
330,1628275945704,1.0,0.0,0.0,0.0,23.5,619.0,1447.0,1492.0,0.0,0.0,0.0
331,1628275945815,1.0,0.0,0.0,0.0,23.25,620.0,1449.0,1492.0,0.0,0.0,0.0
332,1628275945912,1.0,0.0,0.0,0.0,23.25,620.0,1447.0,1492.0,0.0,0.0,0.0
333,1628275946023,1.0,0.0,0.0,0.0,24.0,620.0,1445.0,1490.0,0.0,0.0,0.0
334,1628275946119,1.0,0.0,0.0,0.0,24.0,620.0,1445.0,1489.0,0.0,0.0,0.0
335,1628275946214,1.0,0.0,0.0,0.0,23.25,620.0,1445.0,1489.0,0.0,0.0,0.0
336,1628275946327,1.0,0.0,0.0,0.0,23.25,620.0,1444.0,1489.0,0.0,0.0,0.0
337,1628275946422,1.0,0.0,0.0,0.0,24.0,619.0,1443.0,1488.0,0.0,0.0,0.0
338,1628275946519,1.0,0.0,0.0,0.0,24.0,619.0,1443.0,1487.0,0.0,0.0,0.0
339,1628275946631,1.0,0.0,0.0,0.0,23.5,620.0,1444.0,1489.0,0.0,0.0,0.0
340,1628275946728,1.0,0.0,0.0,0.0,23.5,618.0,1447.0,1492.0,0.0,0.0,0.0
341,1628275946839,1.0,0.0,0.0,0.0,23.75,619.0,1448.0,1493.0,0.0,0.0,0.0
342,1628275946935,1.0,0.0,0.0,0.0,23.75,618.0,1448.0,1494.0,0.0,0.0,0.0
343,1628275947030,1.0,0.0,0.0,0.0,24.0,619.0,1447.0,1491.0,0.0,0.0,0.0
344,1628275947143,1.0,0.0,0.0,0.0,24.0,620.0,1446.0,1491.0,0.0,0.0,0.0
345,1628275947238,1.0,0.0,0.0,0.0,24.0,618.0,1445.0,1490.0,0.0,0.0,0.0
346,1628275947335,1.0,0.0,0.0,0.0,24.0,619.0,1442.0,1487.0,0.0,0.0,0.0
347,1628275947446,1.0,0.0,0.0,0.0,23.5,619.0,1440.0,1485.0,0.0,0.0,0.0
348,1628275947542,1.0,0.0,0.0,0.0,23.5,619.0,1439.0,1484.0,0.0,0.0,0.0
349,1628275947654,1.0,0.0,0.0,0.0,24.0,618.0,1440.0,1484.0,0.0,0.0,0.0
350,1628275947750,1.0,0.0,0.0,0.0,24.0,618.0,1439.0,1483.0,0.0,0.0,0.0
351,1628275947846,1.0,0.0,0.0,0.0,23.75,618.0,1439.0,1484.0,0.0,0.0,0.0
352,1628275947960,1.0,0.0,0.0,0.0,23.75,619.0,1439.0,1484.0,0.0,0.0,0.0
353,1628275948053,1.0,0.0,0.0,0.0,23.25,618.0,1439.0,1484.0,0.0,0.0,0.0
354,1628275948150,1.0,0.0,0.0,0.0,23.25,618.0,1438.0,1482.0,0.0,0.0,0.0
355,1628275948262,1.0,0.0,0.0,0.0,23.5,618.0,1437.0,1481.0,0.0,0.0,0.0
356,1628275948358,1.0,0.0,0.0,0.0,23.5,618.0,1435.0,1480.0,0.0,0.0,0.0
357,1628275948469,1.0,0.0,0.0,0.0,23.5,617.0,1437.0,1482.0,0.0,0.0,0.0
358,1628275948566,1.0,0.0,0.0,0.0,23.5,618.0,1439.0,1484.0,0.0,0.0,0.0
359,1628275948662,1.0,0.0,0.0,0.0,24.0,618.0,1438.0,1482.0,0.0,0.0,0.0
360,1628275948773,1.0,0.0,0.0,0.0,24.0,617.0,1439.0,1485.0,0.0,0.0,0.0
361,1628275948870,1.0,0.0,0.0,0.0,24.0,618.0,1440.0,1486.0,0.0,0.0,0.0
362,1628275948983,1.0,0.0,0.0,0.0,24.0,617.0,1438.0,1482.0,0.0,0.0,0.0
363,1628275949078,1.0,0.0,0.0,0.0,24.0,618.0,1437.0,1482.0,0.0,0.0,0.0
364,1628275949174,1.0,0.0,0.0,0.0,24.0,618.0,1437.0,1482.0,0.0,0.0,0.0
365,1628275949285,1.0,0.0,0.0,0.0,24.0,618.0,1438.0,1482.0,0.0,0.0,0.0
366,1628275949382,1.0,0.0,0.0,0.0,24.0,618.0,1438.0,1483.0,0.0,0.0,0.0
367,1628275949479,1.0,0.0,0.0,0.0,24.5,617.0,1441.0,1486.0,0.0,0.0,0.0
368,1628275949591,1.0,0.0,0.0,0.0,24.5,618.0,1441.0,1486.0,0.0,0.0,0.0
369,1628275949686,1.0,0.0,0.0,0.0,24.0,618.0,1441.0,1486.0,0.0,0.0,0.0
370,1628275949781,1.0,0.0,0.0,0.0,24.0,617.0,1441.0,1486.0,0.0,0.0,0.0
371,1628275949893,1.0,0.0,0.0,0.0,23.75,617.0,1443.0,1487.0,0.0,0.0,0.0
372,1628275949991,1.0,0.0,0.0,0.0,23.75,617.0,1442.0,1486.0,0.0,0.0,0.0
373,1628275950102,1.0,0.0,0.0,0.0,23.75,617.0,1441.0,1485.0,0.0,0.0,0.0
374,1628275950198,1.0,0.0,0.0,0.0,23.75,617.0,1440.0,1485.0,0.0,0.0,0.0
375,1628275950294,1.0,0.0,0.0,0.0,23.75,616.0,1438.0,1483.0,0.0,0.0,0.0
376,1628275950406,1.0,0.0,0.0,0.0,23.75,617.0,1438.0,1483.0,0.0,0.0,0.0
377,1628275950501,1.0,0.0,0.0,0.0,24.0,616.0,1439.0,1483.0,0.0,0.0,0.0
378,1628275950598,1.0,0.0,0.0,0.0,24.25,616.0,1437.0,1482.0,0.0,0.0,0.0
379,1628275950710,1.0,0.0,0.0,0.0,24.25,616.0,1437.0,1481.0,0.0,0.0,0.0
380,1628275950805,1.0,0.0,0.0,0.0,24.0,622.0,1437.0,1482.0,0.0,0.0,0.0
381,1628275950917,1.0,0.0,0.0,0.0,24.0,616.0,1437.0,1481.0,0.0,0.0,0.0
382,1628275951013,1.0,0.0,0.0,0.0,24.0,617.0,1438.0,1484.0,0.0,0.0,0.0
383,1628275951110,1.0,0.0,0.0,0.0,24.0,616.0,1438.0,1484.0,0.0,0.0,0.0
384,1628275951221,1.0,0.0,0.0,0.0,24.0,616.0,1436.0,1482.0,0.0,0.0,0.0
385,1628275951318,1.0,0.0,0.0,0.0,24.0,616.0,1436.0,1481.0,0.0,0.0,0.0
386,1628275951412,1.0,0.0,0.0,0.0,23.5,616.0,1434.0,1480.0,0.0,0.0,0.0
387,1628275951525,1.0,0.0,0.0,0.0,23.5,616.0,1433.0,1477.0,0.0,0.0,0.0
388,1628275951621,1.0,0.0,0.0,0.0,24.0,616.0,1435.0,1480.0,0.0,0.0,0.0
389,1628275951733,1.0,0.0,0.0,0.0,24.0,617.0,1433.0,1478.0,0.0,0.0,0.0
390,1628275951829,1.0,0.0,0.0,0.0,24.0,616.0,1432.0,1476.0,0.0,0.0,0.0
391,1628275951926,1.0,0.0,0.0,0.0,24.0,616.0,1432.0,1476.0,0.0,0.0,0.0
392,1628275952038,1.0,0.0,0.0,0.0,23.75,617.0,1434.0,1477.0,0.0,0.0,0.0
393,1628275952132,1.0,0.0,0.0,0.0,23.75,615.0,1433.0,1479.0,0.0,0.0,0.0
394,1628275952229,1.0,0.0,0.0,0.0,24.0,615.0,1434.0,1478.0,0.0,0.0,0.0
395,1628275952341,1.0,0.0,0.0,0.0,24.0,615.0,1435.0,1479.0,0.0,0.0,0.0
396,1628275952438,1.0,0.0,0.0,0.0,24.0,615.0,1436.0,1480.0,0.0,0.0,0.0
397,1628275952549,1.0,0.0,0.0,0.0,24.0,615.0,1434.0,1480.0,0.0,0.0,0.0
398,1628275952646,1.0,0.0,0.0,0.0,24.0,615.0,1434.0,1480.0,0.0,0.0,0.0
399,1628275952741,1.0,0.0,0.0,0.0,24.0,616.0,1435.0,1480.0,0.0,0.0,0.0
400,1628275952854,1.0,0.0,0.0,0.0,23.25,615.0,1434.0,1479.0,0.0,0.0,0.0
401,1628275952948,1.0,0.0,0.0,0.0,23.25,615.0,1431.0,1477.0,0.0,0.0,0.0
402,1628275953061,1.0,0.0,0.0,0.0,23.75,615.0,1431.0,1475.0,0.0,0.0,0.0
403,1628275953159,1.0,0.0,0.0,0.0,23.75,615.0,1429.0,1474.0,0.0,0.0,0.0
404,1628275953252,1.0,0.0,0.0,0.0,24.0,615.0,1429.0,1473.0,0.0,0.0,0.0
405,1628275953364,1.0,0.0,0.0,0.0,24.0,615.0,1429.0,1473.0,0.0,0.0,0.0
406,1628275953462,1.0,0.0,0.0,0.0,24.0,614.0,1429.0,1473.0,0.0,0.0,0.0
407,1628275953556,1.0,0.0,0.0,0.0,24.0,614.0,1429.0,1475.0,0.0,0.0,0.0
408,1628275953669,1.0,0.0,0.0,0.0,23.75,615.0,1429.0,1474.0,0.0,0.0,0.0
409,1628275953765,1.0,0.0,0.0,0.0,23.75,615.0,1427.0,1473.0,0.0,0.0,0.0
410,1628275953877,1.0,0.0,0.0,0.0,23.75,615.0,1429.0,1474.0,0.0,0.0,0.0
411,1628275953973,1.0,0.0,0.0,0.0,23.75,615.0,1428.0,1474.0,0.0,0.0,0.0
412,1628275954068,1.0,0.0,0.0,0.0,23.75,614.0,1426.0,1472.0,0.0,0.0,0.0
413,1628275954181,1.0,0.0,0.0,0.0,23.75,614.0,1427.0,1472.0,0.0,0.0,0.0
414,1628275954276,1.0,0.0,0.0,0.0,24.0,614.0,1427.0,1471.0,0.0,0.0,0.0
415,1628275954372,1.0,0.0,0.0,0.0,24.0,614.0,1425.0,1471.0,0.0,0.0,0.0
416,1628275954486,1.0,0.0,0.0,0.0,24.25,614.0,1423.0,1469.0,0.0,0.0,0.0
417,1628275954581,1.0,0.0,0.0,0.0,24.25,613.0,1425.0,1471.0,0.0,0.0,0.0
418,1628275954693,1.0,0.0,0.0,0.0,23.75,614.0,1425.0,1470.0,0.0,0.0,0.0
419,1628275954788,1.0,0.0,0.0,0.0,23.75,614.0,1423.0,1468.0,0.0,0.0,0.0
420,1628275954884,1.0,0.0,0.0,0.0,23.5,613.0,1423.0,1467.0,0.0,0.0,0.0
421,1628275954996,1.0,0.0,0.0,0.0,23.5,613.0,1422.0,1466.0,0.0,0.0,0.0
422,1628275955092,1.0,0.0,0.0,0.0,24.25,614.0,1419.0,1465.0,0.0,0.0,0.0
423,1628275955189,1.0,0.0,0.0,0.0,24.25,613.0,1418.0,1464.0,0.0,0.0,0.0
424,1628275955300,1.0,0.0,0.0,0.0,23.75,612.0,1421.0,1465.0,0.0,0.0,0.0
425,1628275955396,1.0,0.0,0.0,0.0,23.75,613.0,1421.0,1466.0,0.0,0.0,0.0
426,1628275955508,1.0,0.0,0.0,0.0,23.75,613.0,1420.0,1465.0,0.0,0.0,0.0
427,1628275955604,1.0,0.0,0.0,0.0,23.0,613.0,1418.0,1462.0,0.0,0.0,0.0
428,1628275955701,1.0,0.0,0.0,0.0,23.0,613.0,1415.0,1459.0,0.0,0.0,0.0
429,1628275955813,1.0,0.0,0.0,0.0,23.75,612.0,1415.0,1461.0,0.0,0.0,0.0
430,1628275955908,1.0,0.0,0.0,0.0,23.75,612.0,1413.0,1458.0,0.0,0.0,0.0
431,1628275956003,1.0,0.0,0.0,0.0,23.5,613.0,1415.0,1460.0,0.0,0.0,0.0
432,1628275956116,1.0,0.0,0.0,0.0,23.5,612.0,1415.0,1460.0,0.0,0.0,0.0
433,1628275956213,1.0,0.0,0.0,0.0,24.5,612.0,1415.0,1461.0,0.0,0.0,0.0
434,1628275956324,1.0,0.0,0.0,0.0,24.5,612.0,1415.0,1460.0,0.0,0.0,0.0
435,1628275956420,1.0,0.0,0.0,0.0,23.75,611.0,1413.0,1459.0,0.0,0.0,0.0
436,1628275956516,1.0,0.0,0.0,0.0,23.75,612.0,1415.0,1460.0,0.0,0.0,0.0
437,1628275956629,1.0,0.0,0.0,0.0,23.75,612.0,1410.0,1455.0,0.0,0.0,0.0
438,1628275956723,1.0,0.0,0.0,0.0,23.75,612.0,1407.0,1453.0,0.0,0.0,0.0
439,1628275956819,1.0,0.0,0.0,0.0,23.25,612.0,1411.0,1456.0,0.0,0.0,0.0
440,1628275956932,1.0,0.0,0.0,0.0,23.25,612.0,1411.0,1456.0,0.0,0.0,0.0
441,1628275957028,1.0,0.0,0.0,0.0,23.75,612.0,1412.0,1456.0,0.0,0.0,0.0
442,1628275957141,1.0,0.0,0.0,0.0,23.75,612.0,1413.0,1456.0,0.0,0.0,0.0
443,1628275957235,1.0,0.0,0.0,0.0,23.25,611.0,1412.0,1456.0,0.0,0.0,0.0
444,1628275957333,1.0,0.0,0.0,0.0,23.25,611.0,1410.0,1455.0,0.0,0.0,0.0
445,1628275957443,1.0,0.0,0.0,0.0,24.0,611.0,1413.0,1458.0,0.0,0.0,0.0
446,1628275957540,1.0,0.0,0.0,0.0,24.0,611.0,1414.0,1458.0,0.0,0.0,0.0
447,1628275957636,1.0,0.0,0.0,0.0,23.75,611.0,1411.0,1457.0,0.0,0.0,0.0
448,1628275957748,1.0,0.0,0.0,0.0,23.75,613.0,1414.0,1459.0,0.0,0.0,0.0
449,1628275957843,1.0,0.0,0.0,0.0,23.75,611.0,1413.0,1459.0,0.0,0.0,0.0
450,1628275957956,1.0,0.0,0.0,0.0,23.75,611.0,1412.0,1459.0,0.0,0.0,0.0
451,1628275958051,1.0,0.0,0.0,0.0,24.0,611.0,1412.0,1457.0,0.0,0.0,0.0
452,1628275958147,1.0,0.0,0.0,0.0,24.0,611.0,1409.0,1455.0,0.0,0.0,0.0
453,1628275958260,1.0,0.0,0.0,0.0,24.0,611.0,1408.0,1453.0,0.0,0.0,0.0
454,1628275958355,1.0,0.0,0.0,0.0,24.0,611.0,1407.0,1452.0,0.0,0.0,0.0
455,1628275958451,1.0,0.0,0.0,0.0,24.0,611.0,1407.0,1452.0,0.0,0.0,0.0
456,1628275958563,1.0,0.0,0.0,0.0,24.0,611.0,1406.0,1451.0,0.0,0.0,0.0
457,1628275958659,1.0,0.0,0.0,0.0,24.0,611.0,1410.0,1455.0,0.0,0.0,0.0
458,1628275958772,1.0,0.0,0.0,0.0,24.0,610.0,1409.0,1454.0,0.0,0.0,0.0
459,1628275958866,1.0,0.0,0.0,0.0,24.25,610.0,1408.0,1453.0,0.0,0.0,0.0
460,1628275958963,1.0,0.0,0.0,0.0,24.25,610.0,1409.0,1454.0,0.0,0.0,0.0
461,1628275959076,1.0,0.0,0.0,0.0,24.0,610.0,1408.0,1454.0,0.0,0.0,0.0
462,1628275959171,1.0,0.0,0.0,0.0,24.0,610.0,1406.0,1451.0,0.0,0.0,0.0
463,1628275959266,1.0,0.0,0.0,0.0,23.25,610.0,1406.0,1453.0,0.0,0.0,0.0
464,1628275959381,1.0,0.0,0.0,0.0,23.25,610.0,1407.0,1453.0,0.0,0.0,0.0
465,1628275959476,1.0,0.0,0.0,0.0,23.75,610.0,1407.0,1453.0,0.0,0.0,0.0
466,1628275959587,1.0,0.0,0.0,0.0,23.75,610.0,1407.0,1453.0,0.0,0.0,0.0
467,1628275959682,1.0,0.0,0.0,0.0,23.75,610.0,1408.0,1453.0,0.0,0.0,0.0
468,1628275959779,1.0,0.0,0.0,0.0,23.75,610.0,1408.0,1453.0,0.0,0.0,0.0
469,1628275959892,1.0,0.0,0.0,0.0,23.5,609.0,1405.0,1450.0,0.0,0.0,0.0
470,1628275959987,1.0,0.0,0.0,0.0,23.5,610.0,1405.0,1450.0,0.0,0.0,0.0
471,1628275960082,1.0,0.0,0.0,0.0,23.75,609.0,1406.0,1452.0,0.0,0.0,0.0
472,1628275960194,1.0,0.0,0.0,0.0,23.75,610.0,1406.0,1451.0,0.0,0.0,0.0
473,1628275960292,1.0,0.0,0.0,0.0,24.0,610.0,1404.0,1452.0,0.0,0.0,0.0
474,1628275960402,1.0,0.0,0.0,0.0,24.0,610.0,1404.0,1452.0,0.0,0.0,0.0
475,1628275960498,1.0,0.0,0.0,0.0,24.0,610.0,1405.0,1452.0,0.0,0.0,0.0
476,1628275960596,1.0,0.0,0.0,0.0,24.0,610.0,1405.0,1451.0,0.0,0.0,0.0
477,1628275960707,1.0,0.0,0.0,0.0,23.75,609.0,1404.0,1449.0,0.0,0.0,0.0
478,1628275960802,1.0,0.0,0.0,0.0,24.0,610.0,1403.0,1452.0,0.0,0.0,0.0
479,1628275960899,1.0,0.0,0.0,0.0,24.0,610.0,1403.0,1449.0,0.0,0.0,0.0
480,1628275961011,1.0,0.0,0.0,0.0,23.75,609.0,1400.0,1449.0,0.0,0.0,0.0
481,1628275961106,1.0,0.0,0.0,0.0,23.75,609.0,1402.0,1448.0,0.0,0.0,0.0
482,1628275961219,1.0,0.0,0.0,0.0,23.75,610.0,1404.0,1449.0,0.0,0.0,0.0
483,1628275961315,1.0,0.0,0.0,0.0,23.75,609.0,1404.0,1451.0,0.0,0.0,0.0
484,1628275961410,1.0,0.0,0.0,0.0,23.5,610.0,1406.0,1452.0,0.0,0.0,0.0
485,1628275961522,1.0,0.0,0.0,0.0,23.5,609.0,1401.0,1448.0,0.0,0.0,0.0
486,1628275961618,1.0,0.0,0.0,0.0,23.75,609.0,1402.0,1449.0,0.0,0.0,0.0
487,1628275961730,1.0,0.0,0.0,0.0,23.75,609.0,1402.0,1449.0,0.0,0.0,0.0
488,1628275961827,1.0,0.0,0.0,0.0,24.0,609.0,1400.0,1447.0,0.0,0.0,0.0
489,1628275961924,1.0,0.0,0.0,0.0,24.0,609.0,1398.0,1444.0,0.0,0.0,0.0
490,1628275962035,1.0,0.0,0.0,0.0,24.0,608.0,1396.0,1442.0,0.0,0.0,0.0
491,1628275962131,1.0,0.0,0.0,0.0,24.0,608.0,1396.0,1442.0,0.0,0.0,0.0
492,1628275962225,1.0,0.0,0.0,0.0,23.5,609.0,1396.0,1442.0,0.0,0.0,0.0
493,1628275962339,1.0,0.0,0.0,0.0,23.5,608.0,1395.0,1442.0,0.0,0.0,0.0
494,1628275962434,1.0,0.0,0.0,0.0,24.0,609.0,1397.0,1443.0,0.0,0.0,0.0
495,1628275962531,1.0,0.0,0.0,0.0,24.0,608.0,1399.0,1444.0,0.0,0.0,0.0
496,1628275962641,1.0,0.0,0.0,0.0,24.0,609.0,1398.0,1445.0,0.0,0.0,0.0
497,1628275962738,1.0,0.0,0.0,0.0,24.0,608.0,1402.0,1449.0,0.0,0.0,0.0
498,1628275962850,1.0,0.0,0.0,0.0,24.0,608.0,1399.0,1445.0,0.0,0.0,0.0
499,1628275962947,1.0,0.0,0.0,0.0,24.0,608.0,1398.0,1445.0,0.0,0.0,0.0
500,1628275963042,1.0,0.0,0.0,0.0,23.75,609.0,1398.0,1446.0,0.0,0.0,0.0
501,1628275963155,1.0,0.0,0.0,0.0,23.75,608.0,1398.0,1444.0,0.0,0.0,0.0
502,1628275963250,1.0,0.0,0.0,0.0,23.75,608.0,1396.0,1443.0,0.0,0.0,0.0
503,1628275963346,1.0,0.0,0.0,0.0,23.75,608.0,1398.0,1445.0,0.0,0.0,0.0
504,1628275963458,1.0,0.0,0.0,0.0,23.75,608.0,1398.0,1444.0,0.0,0.0,0.0
505,1628275963555,1.0,0.0,0.0,0.0,23.75,608.0,1398.0,1444.0,0.0,0.0,0.0
506,1628275963667,1.0,0.0,0.0,0.0,24.0,608.0,1398.0,1445.0,0.0,0.0,0.0
507,1628275963762,1.0,0.0,0.0,0.0,24.0,608.0,1399.0,1445.0,0.0,0.0,0.0
508,1628275963857,1.0,0.0,0.0,0.0,23.75,608.0,1397.0,1443.0,0.0,0.0,0.0
509,1628275963971,1.0,0.0,0.0,0.0,23.75,608.0,1398.0,1444.0,0.0,0.0,0.0
510,1628275964067,1.0,0.0,0.0,0.0,23.75,607.0,1399.0,1445.0,0.0,0.0,0.0
511,1628275964162,1.0,0.0,0.0,0.0,23.75,607.0,1401.0,1448.0,0.0,0.0,0.0
512,1628275964274,1.0,0.0,0.0,0.0,23.25,607.0,1403.0,1449.0,0.0,0.0,0.0
513,1628275964370,1.0,0.0,0.0,0.0,23.25,607.0,1405.0,1452.0,0.0,0.0,0.0
514,1628275964482,1.0,0.0,0.0,0.0,23.5,607.0,1401.0,1449.0,0.0,0.0,0.0
515,1628275964578,1.0,0.0,0.0,0.0,23.5,606.0,1401.0,1447.0,0.0,0.0,0.0
516,1628275964674,1.0,0.0,0.0,0.0,24.0,607.0,1401.0,1447.0,0.0,0.0,0.0
517,1628275964786,1.0,0.0,0.0,0.0,24.0,607.0,1402.0,1449.0,0.0,0.0,0.0
518,1628275964883,1.0,0.0,0.0,0.0,24.0,607.0,1402.0,1448.0,0.0,0.0,0.0
519,1628275964993,1.0,0.0,0.0,0.0,24.0,607.0,1401.0,1447.0,0.0,0.0,0.0
520,1628275965090,1.0,0.0,0.0,0.0,23.75,607.0,1401.0,1449.0,0.0,0.0,0.0
521,1628275965186,1.0,0.0,0.0,0.0,23.75,607.0,1403.0,1451.0,0.0,0.0,0.0
522,1628275965298,1.0,0.0,0.0,0.0,24.0,607.0,1407.0,1455.0,0.0,0.0,0.0
523,1628275965394,1.0,0.0,0.0,0.0,24.0,608.0,1420.0,1469.0,0.0,0.0,0.0
524,1628275965490,1.0,0.0,0.0,0.0,23.75,611.0,1424.0,1473.0,0.0,0.0,0.0
525,1628275965600,1.0,0.0,0.0,0.0,23.75,614.0,1426.0,1474.0,0.0,0.0,0.0
526,1628275965697,1.0,0.0,0.0,0.0,24.0,616.0,1427.0,1474.0,0.0,0.0,0.0
527,1628275965809,1.0,0.0,0.0,0.0,23.75,618.0,1427.0,1475.0,0.0,0.0,0.0
528,1628275965905,1.0,0.0,0.0,0.0,23.75,619.0,1427.0,1474.0,0.0,0.0,0.0
529,1628275966000,1.0,0.0,0.0,0.0,24.0,621.0,1428.0,1477.0,0.0,0.0,0.0
530,1628275966113,1.0,0.0,0.0,0.0,24.0,621.0,1428.0,1475.0,0.0,0.0,0.0
531,1628275966209,1.0,0.0,0.0,0.0,23.75,622.0,1426.0,1474.0,0.0,0.0,0.0
532,1628275966305,1.0,0.0,0.0,0.0,23.75,622.0,1425.0,1471.0,0.0,0.0,0.0
533,1628275966417,1.0,0.0,0.0,0.0,24.0,623.0,1425.0,1472.0,0.0,0.0,0.0
534,1628275966513,1.0,0.0,0.0,0.0,24.0,623.0,1426.0,1472.0,0.0,0.0,0.0
535,1628275966625,1.0,0.0,0.0,0.0,23.75,624.0,1428.0,1474.0,0.0,0.0,0.0
536,1628275966720,1.0,0.0,0.0,0.0,23.75,622.0,1429.0,1476.0,0.0,0.0,0.0
537,1628275966817,1.0,0.0,0.0,0.0,23.75,624.0,1429.0,1477.0,0.0,0.0,0.0
538,1628275966930,1.0,0.0,0.0,0.0,23.75,625.0,1430.0,1478.0,0.0,0.0,0.0
539,1628275967025,1.0,0.0,0.0,0.0,23.75,624.0,1431.0,1477.0,0.0,0.0,0.0
540,1628275967121,1.0,0.0,0.0,0.0,23.75,625.0,1430.0,1478.0,0.0,0.0,0.0
541,1628275967233,1.0,0.0,0.0,0.0,24.0,624.0,1430.0,1478.0,0.0,0.0,0.0
542,1628275967329,1.0,0.0,0.0,0.0,24.0,625.0,1431.0,1478.0,0.0,0.0,0.0
543,1628275967442,1.0,0.0,0.0,0.0,23.75,624.0,1431.0,1479.0,0.0,0.0,0.0
544,1628275967536,1.0,0.0,0.0,0.0,23.75,625.0,1431.0,1477.0,0.0,0.0,0.0
545,1628275967633,1.0,0.0,0.0,0.0,23.5,625.0,1432.0,1478.0,0.0,0.0,0.0
546,1628275967745,1.0,0.0,0.0,0.0,23.5,624.0,1431.0,1478.0,0.0,0.0,0.0
547,1628275967841,1.0,0.0,0.0,0.0,23.75,624.0,1433.0,1480.0,0.0,0.0,0.0
548,1628275967936,1.0,0.0,0.0,0.0,23.75,625.0,1432.0,1479.0,0.0,0.0,0.0
549,1628275968048,1.0,0.0,0.0,0.0,23.25,624.0,1431.0,1478.0,0.0,0.0,0.0
550,1628275968146,1.0,0.0,0.0,0.0,23.25,624.0,1432.0,1479.0,0.0,0.0,0.0
551,1628275968256,1.0,0.0,0.0,0.0,24.0,624.0,1431.0,1477.0,0.0,0.0,0.0
552,1628275968353,1.0,0.0,0.0,0.0,24.0,624.0,1430.0,1477.0,0.0,0.0,0.0
553,1628275968449,1.0,0.0,0.0,0.0,23.75,624.0,1431.0,1478.0,0.0,0.0,0.0
554,1628275968561,1.0,0.0,0.0,0.0,23.75,625.0,1432.0,1479.0,0.0,0.0,0.0
555,1628275968658,1.0,0.0,0.0,0.0,23.25,625.0,1431.0,1479.0,0.0,0.0,0.0
556,1628275968752,1.0,0.0,0.0,0.0,23.25,624.0,1431.0,1480.0,0.0,0.0,0.0
557,1628275968864,1.0,0.0,0.0,0.0,23.75,624.0,1432.0,1480.0,0.0,0.0,0.0
558,1628275968961,1.0,0.0,0.0,0.0,23.75,625.0,1433.0,1479.0,0.0,0.0,0.0
559,1628275969073,1.0,0.0,0.0,0.0,23.75,624.0,1432.0,1480.0,0.0,0.0,0.0
560,1628275969168,1.0,0.0,0.0,0.0,23.75,624.0,1433.0,1480.0,0.0,0.0,0.0
561,1628275969265,1.0,0.0,0.0,0.0,23.75,623.0,1433.0,1480.0,0.0,0.0,0.0
562,1628275969378,1.0,0.0,0.0,0.0,23.75,624.0,1433.0,1481.0,0.0,0.0,0.0
563,1628275969474,1.0,0.0,0.0,0.0,23.5,623.0,1434.0,1482.0,0.0,0.0,0.0
564,1628275969569,1.0,0.0,0.0,0.0,23.5,623.0,1434.0,1481.0,0.0,0.0,0.0
565,1628275969681,1.0,0.0,0.0,0.0,23.75,624.0,1434.0,1481.0,0.0,0.0,0.0
566,1628275969776,1.0,0.0,0.0,0.0,23.75,623.0,1433.0,1481.0,0.0,0.0,0.0
567,1628275969888,1.0,0.0,0.0,0.0,23.5,623.0,1432.0,1478.0,0.0,0.0,0.0
568,1628275969984,1.0,0.0,0.0,0.0,23.5,623.0,1430.0,1477.0,0.0,0.0,0.0
569,1628275970080,1.0,0.0,0.0,0.0,23.75,623.0,1431.0,1477.0,0.0,0.0,0.0
570,1628275970192,1.0,0.0,0.0,0.0,23.75,624.0,1431.0,1478.0,0.0,0.0,0.0
571,1628275970289,1.0,0.0,0.0,0.0,23.75,623.0,1431.0,1478.0,0.0,0.0,0.0
572,1628275970400,1.0,0.0,0.0,0.0,23.75,622.0,1431.0,1477.0,0.0,0.0,0.0
573,1628275970495,1.0,0.0,0.0,0.0,23.5,622.0,1431.0,1477.0,0.0,0.0,0.0
574,1628275970591,1.0,0.0,0.0,0.0,23.5,623.0,1431.0,1476.0,0.0,0.0,0.0
575,1628275970704,1.0,0.0,0.0,0.0,23.75,622.0,1431.0,1477.0,0.0,0.0,0.0
576,1628275970800,1.0,0.0,0.0,0.0,23.75,622.0,1431.0,1478.0,0.0,0.0,0.0
577,1628275970895,1.0,0.0,0.0,0.0,23.75,623.0,1433.0,1481.0,0.0,0.0,0.0
578,1628275971008,1.0,0.0,0.0,0.0,23.75,622.0,1434.0,1479.0,0.0,0.0,0.0
579,1628275971104,1.0,0.0,0.0,0.0,23.75,622.0,1434.0,1482.0,0.0,0.0,0.0
580,1628275971201,1.0,0.0,0.0,0.0,23.25,623.0,1434.0,1480.0,0.0,0.0,0.0
581,1628275971312,1.0,0.0,0.0,0.0,23.25,622.0,1434.0,1481.0,0.0,0.0,0.0
582,1628275971407,1.0,0.0,0.0,0.0,23.5,623.0,1432.0,1478.0,0.0,0.0,0.0
583,1628275971521,1.0,0.0,0.0,0.0,23.5,622.0,1433.0,1480.0,0.0,0.0,0.0
584,1628275971615,1.0,0.0,0.0,0.0,23.75,622.0,1436.0,1483.0,0.0,0.0,0.0
585,1628275971712,1.0,0.0,0.0,0.0,23.75,621.0,1438.0,1484.0,0.0,0.0,0.0
586,1628275971824,1.0,0.0,0.0,0.0,23.75,627.0,1434.0,1480.0,0.0,0.0,0.0
587,1628275971921,1.0,0.0,0.0,0.0,23.75,622.0,1434.0,1481.0,0.0,0.0,0.0
588,1628275972015,1.0,0.0,0.0,0.0,23.25,622.0,1434.0,1480.0,0.0,0.0,0.0
589,1628275972128,1.0,0.0,0.0,0.0,23.25,621.0,1435.0,1481.0,0.0,0.0,0.0
590,1628275972224,1.0,0.0,0.0,0.0,23.25,622.0,1434.0,1482.0,0.0,0.0,0.0
591,1628275972335,1.0,0.0,0.0,0.0,23.25,623.0,1433.0,1479.0,0.0,0.0,0.0
592,1628275972432,1.0,0.0,0.0,0.0,23.5,622.0,1433.0,1480.0,0.0,0.0,0.0
593,1628275972529,1.0,0.0,0.0,0.0,23.5,621.0,1432.0,1480.0,0.0,0.0,0.0
594,1628275972639,1.0,0.0,0.0,0.0,23.5,621.0,1432.0,1480.0,0.0,0.0,0.0
595,1628275972736,1.0,0.0,0.0,0.0,23.5,622.0,1432.0,1480.0,0.0,0.0,0.0
596,1628275972847,1.0,0.0,0.0,0.0,23.75,620.0,1433.0,1481.0,0.0,0.0,0.0
597,1628275972943,1.0,0.0,0.0,0.0,23.75,621.0,1433.0,1480.0,0.0,0.0,0.0
598,1628275973040,1.0,0.0,0.0,0.0,23.5,621.0,1433.0,1480.0,0.0,0.0,0.0
599,1628275973152,1.0,0.0,0.0,0.0,23.5,621.0,1432.0,1479.0,0.0,0.0,0.0
600,1628275973248,1.0,0.0,0.0,0.0,23.5,621.0,1432.0,1477.0,0.0,0.0,0.0
601,1628275973344,1.0,0.0,0.0,0.0,23.5,621.0,1432.0,1477.0,0.0,0.0,0.0
602,1628275973456,1.0,0.0,0.0,0.0,23.5,620.0,1433.0,1480.0,0.0,0.0,0.0
603,1628275973551,1.0,0.0,0.0,0.0,23.5,621.0,1432.0,1480.0,0.0,0.0,0.0
604,1628275973664,1.0,0.0,0.0,0.0,23.5,621.0,1433.0,1479.0,0.0,0.0,0.0
605,1628275973759,1.0,0.0,0.0,0.0,23.5,620.0,1433.0,1479.0,0.0,0.0,0.0
606,1628275973855,1.0,0.0,0.0,0.0,23.5,620.0,1433.0,1480.0,0.0,0.0,0.0
607,1628275973966,1.0,0.0,0.0,0.0,23.5,620.0,1430.0,1477.0,0.0,0.0,0.0
608,1628275974064,1.0,0.0,0.0,0.0,23.25,620.0,1430.0,1476.0,0.0,0.0,0.0
609,1628275974160,1.0,0.0,0.0,0.0,23.25,619.0,1429.0,1475.0,0.0,0.0,0.0
610,1628275974270,1.0,0.0,0.0,0.0,23.5,621.0,1429.0,1475.0,0.0,0.0,0.0
611,1628275974367,1.0,0.0,0.0,0.0,23.5,621.0,1428.0,1474.0,0.0,0.0,0.0
612,1628275974480,1.0,0.0,0.0,0.0,23.5,619.0,1429.0,1475.0,0.0,0.0,0.0
613,1628275974575,1.0,0.0,0.0,0.0,23.5,619.0,1428.0,1474.0,0.0,0.0,0.0
614,1628275974671,1.0,0.0,0.0,0.0,23.75,620.0,1428.0,1473.0,0.0,0.0,0.0
615,1628275974783,1.0,0.0,0.0,0.0,23.75,620.0,1427.0,1473.0,0.0,0.0,0.0
616,1628275974880,1.0,0.0,0.0,0.0,23.5,620.0,1425.0,1470.0,0.0,0.0,0.0
617,1628275974975,1.0,0.0,0.0,0.0,23.5,619.0,1422.0,1468.0,0.0,0.0,0.0
618,1628275975086,1.0,0.0,0.0,0.0,22.75,619.0,1422.0,1468.0,0.0,0.0,0.0
619,1628275975183,1.0,0.0,0.0,0.0,22.75,619.0,1418.0,1465.0,0.0,0.0,0.0
620,1628275975297,1.0,0.0,0.0,0.0,23.5,618.0,1417.0,1463.0,0.0,0.0,0.0
621,1628275975390,1.0,0.0,0.0,0.0,23.5,619.0,1416.0,1462.0,0.0,0.0,0.0
622,1628275975486,1.0,0.0,0.0,0.0,23.5,619.0,1413.0,1459.0,0.0,0.0,0.0
623,1628275975600,1.0,0.0,0.0,0.0,23.5,618.0,1413.0,1458.0,0.0,0.0,0.0
624,1628275975695,1.0,0.0,0.0,0.0,23.25,619.0,1414.0,1459.0,0.0,0.0,0.0
625,1628275975791,1.0,0.0,0.0,0.0,23.25,619.0,1412.0,1458.0,0.0,0.0,0.0
626,1628275975902,1.0,0.0,0.0,0.0,23.5,619.0,1412.0,1459.0,0.0,0.0,0.0
627,1628275975999,1.0,0.0,0.0,0.0,23.5,624.0,1414.0,1459.0,0.0,0.0,0.0
628,1628275976110,1.0,0.0,0.0,0.0,23.5,619.0,1416.0,1461.0,0.0,0.0,0.0
629,1628276498908,1.0,0.0,0.0,0.0,23.25,612.0,1589.0,1639.0,0.0,0.0,0.0
630,1628276499005,1.0,0.0,0.0,0.0,23.0,613.0,1588.0,1639.0,0.0,0.0,0.0
631,1628276499117,1.0,0.0,0.0,0.0,23.0,615.0,1586.0,1637.0,0.0,0.0,0.0
632,1628276499213,1.0,0.0,0.0,0.0,23.0,614.0,1588.0,1637.0,0.0,0.0,0.0
633,1628276499308,1.0,0.0,0.0,0.0,23.0,616.0,1589.0,1638.0,0.0,0.0,0.0
634,1628276499420,1.0,0.0,0.0,0.0,23.25,617.0,1588.0,1638.0,0.0,0.0,0.0
635,1628276499518,1.0,0.0,0.0,0.0,23.25,618.0,1589.0,1638.0,0.0,0.0,0.0
636,1628276499628,1.0,0.0,0.0,0.0,23.0,618.0,1589.0,1636.0,0.0,0.0,0.0
637,1628276499724,1.0,0.0,0.0,0.0,23.0,618.0,1586.0,1635.0,0.0,0.0,0.0
638,1628276499820,1.0,0.0,0.0,0.0,23.0,618.0,1588.0,1636.0,0.0,0.0,0.0
639,1628276499932,1.0,0.0,0.0,0.0,23.0,619.0,1591.0,1639.0,0.0,0.0,0.0
640,1628276500029,1.0,0.0,0.0,0.0,22.75,619.0,1594.0,1643.0,0.0,0.0,0.0
641,1628276500125,1.0,0.0,0.0,0.0,22.75,619.0,1596.0,1643.0,0.0,0.0,0.0
642,1628276500237,1.0,0.0,0.0,0.0,22.75,619.0,1594.0,1642.0,0.0,0.0,0.0
643,1628276500331,1.0,0.0,0.0,0.0,22.75,619.0,1593.0,1641.0,0.0,0.0,0.0
644,1628276500444,1.0,0.0,0.0,0.0,23.25,618.0,1592.0,1639.0,0.0,0.0,0.0
645,1628276500540,1.0,0.0,0.0,0.0,23.25,618.0,1591.0,1638.0,0.0,0.0,0.0
646,1628276500637,1.0,0.0,0.0,0.0,23.25,619.0,1589.0,1638.0,0.0,0.0,0.0
647,1628276500748,1.0,0.0,0.0,0.0,23.25,619.0,1592.0,1639.0,0.0,0.0,0.0
648,1628276500844,1.0,0.0,0.0,0.0,23.25,619.0,1593.0,1639.0,0.0,0.0,0.0
649,1628276500940,1.0,0.0,0.0,0.0,23.25,620.0,1592.0,1638.0,0.0,0.0,0.0
650,1628276501051,1.0,0.0,0.0,0.0,23.5,619.0,1592.0,1639.0,0.0,0.0,0.0
651,1628276501147,1.0,0.0,0.0,0.0,23.5,619.0,1592.0,1638.0,0.0,0.0,0.0
652,1628276501261,1.0,0.0,0.0,0.0,22.75,619.0,1593.0,1639.0,0.0,0.0,0.0
653,1628276501357,1.0,0.0,0.0,0.0,22.75,619.0,1596.0,1644.0,0.0,0.0,0.0
654,1628276501452,1.0,0.0,0.0,0.0,23.0,619.0,1598.0,1645.0,0.0,0.0,0.0
655,1628276501563,1.0,0.0,0.0,0.0,23.0,620.0,1600.0,1643.0,0.0,0.0,0.0
656,1628276501661,1.0,0.0,0.0,0.0,23.0,619.0,1598.0,1644.0,0.0,0.0,0.0
657,1628276501757,1.0,0.0,0.0,0.0,23.25,619.0,1597.0,1643.0,0.0,0.0,0.0
658,1628276501867,1.0,0.0,0.0,0.0,23.25,619.0,1596.0,1642.0,0.0,0.0,0.0
659,1628276501964,1.0,0.0,0.0,0.0,22.75,618.0,1594.0,1640.0,0.0,0.0,0.0
660,1628276502077,1.0,0.0,0.0,0.0,22.75,618.0,1593.0,1639.0,0.0,0.0,0.0
661,1628276502171,1.0,0.0,0.0,0.0,23.0,618.0,1594.0,1639.0,0.0,0.0,0.0
662,1628276502267,1.0,0.0,0.0,0.0,23.0,618.0,1593.0,1638.0,0.0,0.0,0.0
663,1628276502380,1.0,0.0,0.0,0.0,22.75,618.0,1595.0,1640.0,0.0,0.0,0.0
664,1628276502476,1.0,0.0,0.0,0.0,22.75,618.0,1595.0,1640.0,0.0,0.0,0.0
665,1628276502572,1.0,0.0,0.0,0.0,23.0,618.0,1597.0,1642.0,0.0,0.0,0.0
666,1628276502683,1.0,0.0,0.0,0.0,23.0,618.0,1596.0,1641.0,0.0,0.0,0.0
667,1628276502779,1.0,0.0,0.0,0.0,23.25,617.0,1596.0,1641.0,0.0,0.0,0.0
668,1628276502892,1.0,0.0,0.0,0.0,23.25,618.0,1598.0,1643.0,0.0,0.0,0.0
669,1628276502988,1.0,0.0,0.0,0.0,22.75,617.0,1597.0,1642.0,0.0,0.0,0.0
670,1628276503083,1.0,0.0,0.0,0.0,22.75,618.0,1597.0,1643.0,0.0,0.0,0.0
671,1628276503196,1.0,0.0,0.0,0.0,22.75,618.0,1596.0,1641.0,0.0,0.0,0.0
672,1628276503292,1.0,0.0,0.0,0.0,22.75,618.0,1594.0,1639.0,0.0,0.0,0.0
673,1628276503388,1.0,0.0,0.0,0.0,23.0,617.0,1594.0,1640.0,0.0,0.0,0.0
674,1628276503499,1.0,0.0,0.0,0.0,23.0,617.0,1594.0,1638.0,0.0,0.0,0.0
675,1628276503596,1.0,0.0,0.0,0.0,23.25,618.0,1593.0,1637.0,0.0,0.0,0.0
676,1628276503708,1.0,0.0,0.0,0.0,23.25,617.0,1591.0,1636.0,0.0,0.0,0.0
677,1628276503803,1.0,0.0,0.0,0.0,23.0,616.0,1591.0,1635.0,0.0,0.0,0.0
678,1628276503900,1.0,0.0,0.0,0.0,23.0,616.0,1592.0,1635.0,0.0,0.0,0.0
679,1628276504011,1.0,0.0,0.0,0.0,22.75,618.0,1592.0,1638.0,0.0,0.0,0.0
680,1628276504107,1.0,0.0,0.0,0.0,22.75,616.0,1592.0,1635.0,0.0,0.0,0.0
681,1628276504203,1.0,0.0,0.0,0.0,23.5,616.0,1590.0,1633.0,0.0,0.0,0.0
682,1628276504315,1.0,0.0,0.0,0.0,23.5,616.0,1590.0,1633.0,0.0,0.0,0.0
683,1628276504410,1.0,0.0,0.0,0.0,23.25,616.0,1586.0,1630.0,0.0,0.0,0.0
684,1628276504523,1.0,0.0,0.0,0.0,23.25,615.0,1583.0,1626.0,0.0,0.0,0.0
685,1628276504620,1.0,0.0,0.0,0.0,23.0,615.0,1582.0,1625.0,0.0,0.0,0.0
686,1628276504716,1.0,0.0,0.0,0.0,23.0,615.0,1584.0,1627.0,0.0,0.0,0.0
687,1628276504827,1.0,0.0,0.0,0.0,23.0,614.0,1590.0,1632.0,0.0,0.0,0.0
688,1628276504924,1.0,0.0,0.0,0.0,23.0,615.0,1591.0,1636.0,0.0,0.0,0.0
689,1628276505020,1.0,0.0,0.0,0.0,23.0,615.0,1592.0,1635.0,0.0,0.0,0.0
690,1628276505131,1.0,0.0,0.0,0.0,23.0,615.0,1594.0,1637.0,0.0,0.0,0.0
691,1628276505227,1.0,0.0,0.0,0.0,23.25,615.0,1594.0,1636.0,0.0,0.0,0.0
692,1628276505338,1.0,0.0,0.0,0.0,23.25,615.0,1594.0,1637.0,0.0,0.0,0.0
693,1628276505436,1.0,0.0,0.0,0.0,22.5,614.0,1594.0,1637.0,0.0,0.0,0.0
694,1628276505531,1.0,0.0,0.0,0.0,22.5,615.0,1596.0,1639.0,0.0,0.0,0.0
695,1628276505643,1.0,0.0,0.0,0.0,23.5,614.0,1596.0,1640.0,0.0,0.0,0.0
696,1628276505739,1.0,0.0,0.0,0.0,23.5,615.0,1597.0,1640.0,0.0,0.0,0.0
697,1628276505851,1.0,0.0,0.0,0.0,23.25,614.0,1595.0,1638.0,0.0,0.0,0.0
698,1628276505947,1.0,0.0,0.0,0.0,23.25,614.0,1594.0,1637.0,0.0,0.0,0.0
699,1628276506043,1.0,0.0,0.0,0.0,23.25,614.0,1593.0,1635.0,0.0,0.0,0.0
700,1628276506154,1.0,0.0,0.0,0.0,23.25,614.0,1591.0,1634.0,0.0,0.0,0.0
701,1628276506251,1.0,0.0,0.0,0.0,23.25,615.0,1590.0,1633.0,0.0,0.0,0.0
702,1628276506347,1.0,0.0,0.0,0.0,23.25,614.0,1589.0,1631.0,0.0,0.0,0.0
703,1628276506458,1.0,0.0,0.0,0.0,23.25,615.0,1587.0,1629.0,0.0,0.0,0.0
704,1628276506554,1.0,0.0,0.0,0.0,23.25,614.0,1587.0,1628.0,0.0,0.0,0.0
705,1628276506667,1.0,0.0,0.0,0.0,23.25,614.0,1586.0,1628.0,0.0,0.0,0.0
706,1628276506762,1.0,0.0,0.0,0.0,23.25,615.0,1585.0,1625.0,0.0,0.0,0.0
707,1628276506858,1.0,0.0,0.0,0.0,23.25,613.0,1582.0,1625.0,0.0,0.0,0.0
708,1628276506970,1.0,0.0,0.0,0.0,23.25,613.0,1581.0,1621.0,0.0,0.0,0.0
709,1628276507065,1.0,0.0,0.0,0.0,23.25,614.0,1578.0,1620.0,0.0,0.0,0.0
710,1628276507163,1.0,0.0,0.0,0.0,23.25,613.0,1577.0,1619.0,0.0,0.0,0.0
711,1628276507275,1.0,0.0,0.0,0.0,23.25,614.0,1575.0,1617.0,0.0,0.0,0.0
712,1628276507370,1.0,0.0,0.0,0.0,23.25,613.0,1574.0,1617.0,0.0,0.0,0.0
713,1628276507466,1.0,0.0,0.0,0.0,23.25,614.0,1574.0,1615.0,0.0,0.0,0.0
714,1628276507578,1.0,0.0,0.0,0.0,23.5,613.0,1576.0,1617.0,0.0,0.0,0.0
715,1628276507674,1.0,0.0,0.0,0.0,23.5,614.0,1576.0,1617.0,0.0,0.0,0.0
716,1628276507785,1.0,0.0,0.0,0.0,23.5,615.0,1574.0,1615.0,0.0,0.0,0.0
717,1628276507881,1.0,0.0,0.0,0.0,23.5,613.0,1573.0,1613.0,0.0,0.0,0.0
718,1628276507979,1.0,0.0,0.0,0.0,23.25,613.0,1573.0,1612.0,0.0,0.0,0.0
719,1628276508091,1.0,0.0,0.0,0.0,23.25,614.0,1569.0,1610.0,0.0,0.0,0.0
720,1628276508185,1.0,0.0,0.0,0.0,23.25,613.0,1568.0,1610.0,0.0,0.0,0.0
721,1628276508299,1.0,0.0,0.0,0.0,23.25,614.0,1567.0,1607.0,0.0,0.0,0.0
722,1628276508395,1.0,0.0,0.0,0.0,23.25,613.0,1566.0,1607.0,0.0,0.0,0.0
723,1628276508490,1.0,0.0,0.0,0.0,23.25,614.0,1567.0,1608.0,0.0,0.0,0.0
724,1628276508601,1.0,0.0,0.0,0.0,23.25,614.0,1566.0,1607.0,0.0,0.0,0.0
725,1628276508697,1.0,0.0,0.0,0.0,23.25,614.0,1567.0,1608.0,0.0,0.0,0.0
726,1628276508795,1.0,0.0,0.0,0.0,23.5,613.0,1567.0,1607.0,0.0,0.0,0.0
727,1628276508907,1.0,0.0,0.0,0.0,23.5,614.0,1566.0,1607.0,0.0,0.0,0.0
728,1628276509002,1.0,0.0,0.0,0.0,23.5,614.0,1567.0,1608.0,0.0,0.0,0.0
729,1628276509115,1.0,0.0,0.0,0.0,23.5,614.0,1568.0,1609.0,0.0,0.0,0.0
730,1628276509209,1.0,0.0,0.0,0.0,23.25,613.0,1568.0,1610.0,0.0,0.0,0.0
731,1628276509305,1.0,0.0,0.0,0.0,23.25,614.0,1568.0,1608.0,0.0,0.0,0.0
732,1628276509418,1.0,0.0,0.0,0.0,23.5,613.0,1567.0,1607.0,0.0,0.0,0.0
733,1628276509513,1.0,0.0,0.0,0.0,23.5,613.0,1566.0,1607.0,0.0,0.0,0.0
734,1628276509609,1.0,0.0,0.0,0.0,23.25,613.0,1566.0,1606.0,0.0,0.0,0.0
735,1628276509722,1.0,0.0,0.0,0.0,23.25,613.0,1563.0,1604.0,0.0,0.0,0.0
736,1628276509817,1.0,0.0,0.0,0.0,23.5,614.0,1563.0,1604.0,0.0,0.0,0.0
737,1628276509929,1.0,0.0,0.0,0.0,23.5,613.0,1562.0,1603.0,0.0,0.0,0.0
738,1628276510025,1.0,0.0,0.0,0.0,23.25,613.0,1562.0,1602.0,0.0,0.0,0.0
739,1628276510121,1.0,0.0,0.0,0.0,23.25,612.0,1560.0,1600.0,0.0,0.0,0.0
740,1628276510234,1.0,0.0,0.0,0.0,23.5,614.0,1557.0,1598.0,0.0,0.0,0.0
741,1628276510329,1.0,0.0,0.0,0.0,23.5,614.0,1556.0,1597.0,0.0,0.0,0.0
742,1628276510424,1.0,0.0,0.0,0.0,23.25,613.0,1556.0,1596.0,0.0,0.0,0.0
743,1628276510538,1.0,0.0,0.0,0.0,23.25,612.0,1554.0,1595.0,0.0,0.0,0.0
744,1628276510633,1.0,0.0,0.0,0.0,23.5,612.0,1556.0,1598.0,0.0,0.0,0.0
745,1628276510746,1.0,0.0,0.0,0.0,23.5,612.0,1556.0,1599.0,0.0,0.0,0.0
746,1628276510840,1.0,0.0,0.0,0.0,23.5,612.0,1557.0,1598.0,0.0,0.0,0.0
747,1628276510938,1.0,0.0,0.0,0.0,23.5,612.0,1556.0,1596.0,0.0,0.0,0.0
748,1628276511049,1.0,0.0,0.0,0.0,22.5,611.0,1554.0,1596.0,0.0,0.0,0.0
749,1628276511145,1.0,0.0,0.0,0.0,22.5,613.0,1550.0,1590.0,0.0,0.0,0.0
750,1628276511241,1.0,0.0,0.0,0.0,23.5,612.0,1549.0,1589.0,0.0,0.0,0.0
751,1628276511354,1.0,0.0,0.0,0.0,23.5,613.0,1549.0,1589.0,0.0,0.0,0.0
752,1628276511450,1.0,0.0,0.0,0.0,23.5,612.0,1548.0,1587.0,0.0,0.0,0.0
753,1628276511560,1.0,0.0,0.0,0.0,23.5,612.0,1546.0,1587.0,0.0,0.0,0.0
754,1628276511657,1.0,0.0,0.0,0.0,23.25,611.0,1547.0,1586.0,0.0,0.0,0.0
755,1628276511754,1.0,0.0,0.0,0.0,23.5,612.0,1546.0,1585.0,0.0,0.0,0.0
756,1628276511866,1.0,0.0,0.0,0.0,23.5,612.0,1546.0,1585.0,0.0,0.0,0.0
757,1628276511961,1.0,0.0,0.0,0.0,23.5,613.0,1547.0,1585.0,0.0,0.0,0.0
758,1628276512057,1.0,0.0,0.0,0.0,23.5,612.0,1546.0,1586.0,0.0,0.0,0.0
759,1628276512168,1.0,0.0,0.0,0.0,23.75,612.0,1544.0,1584.0,0.0,0.0,0.0
760,1628276512265,1.0,0.0,0.0,0.0,23.75,614.0,1544.0,1584.0,0.0,0.0,0.0
761,1628276512376,1.0,0.0,0.0,0.0,23.0,612.0,1543.0,1582.0,0.0,0.0,0.0
762,1628276512472,1.0,0.0,0.0,0.0,23.0,611.0,1543.0,1583.0,0.0,0.0,0.0
763,1628276512569,1.0,0.0,0.0,0.0,23.5,612.0,1546.0,1587.0,0.0,0.0,0.0
764,1628276512680,1.0,0.0,0.0,0.0,23.5,612.0,1543.0,1583.0,0.0,0.0,0.0
765,1628276512777,1.0,0.0,0.0,0.0,23.5,612.0,1541.0,1581.0,0.0,0.0,0.0
766,1628276512873,1.0,0.0,0.0,0.0,23.5,612.0,1540.0,1581.0,0.0,0.0,0.0
767,1628276512984,1.0,0.0,0.0,0.0,23.5,613.0,1540.0,1579.0,0.0,0.0,0.0
768,1628276513080,1.0,0.0,0.0,0.0,23.5,612.0,1539.0,1578.0,0.0,0.0,0.0
769,1628276513193,1.0,0.0,0.0,0.0,23.25,613.0,1540.0,1580.0,0.0,0.0,0.0
770,1628276513289,1.0,0.0,0.0,0.0,23.25,612.0,1539.0,1579.0,0.0,0.0,0.0
771,1628276513385,1.0,0.0,0.0,0.0,23.5,612.0,1538.0,1579.0,0.0,0.0,0.0
772,1628276513496,1.0,0.0,0.0,0.0,23.5,611.0,1537.0,1576.0,0.0,0.0,0.0
773,1628276513592,1.0,0.0,0.0,0.0,23.25,612.0,1537.0,1576.0,0.0,0.0,0.0
774,1628276513704,1.0,0.0,0.0,0.0,23.25,611.0,1533.0,1574.0,0.0,0.0,0.0
775,1628276513800,1.0,0.0,0.0,0.0,23.75,612.0,1534.0,1573.0,0.0,0.0,0.0
776,1628276513896,1.0,0.0,0.0,0.0,23.75,612.0,1532.0,1572.0,0.0,0.0,0.0
777,1628276514009,1.0,0.0,0.0,0.0,23.5,612.0,1532.0,1572.0,0.0,0.0,0.0
778,1628276514104,1.0,0.0,0.0,0.0,23.5,612.0,1531.0,1572.0,0.0,0.0,0.0
779,1628276514200,1.0,0.0,0.0,0.0,23.5,611.0,1532.0,1573.0,0.0,0.0,0.0
780,1628276514313,1.0,0.0,0.0,0.0,23.5,612.0,1532.0,1572.0,0.0,0.0,0.0
781,1628276514409,1.0,0.0,0.0,0.0,23.25,612.0,1531.0,1571.0,0.0,0.0,0.0
782,1628276514504,1.0,0.0,0.0,0.0,23.25,612.0,1530.0,1571.0,0.0,0.0,0.0
783,1628276514615,1.0,0.0,0.0,0.0,23.5,611.0,1529.0,1570.0,0.0,0.0,0.0
784,1628276514713,1.0,0.0,0.0,0.0,23.5,611.0,1529.0,1569.0,0.0,0.0,0.0
785,1628276514825,1.0,0.0,0.0,0.0,23.5,611.0,1529.0,1570.0,0.0,0.0,0.0
786,1628276514921,1.0,0.0,0.0,0.0,23.5,612.0,1528.0,1568.0,0.0,0.0,0.0
787,1628276515016,1.0,0.0,0.0,0.0,23.25,611.0,1526.0,1566.0,0.0,0.0,0.0
788,1628276515128,1.0,0.0,0.0,0.0,23.25,611.0,1524.0,1563.0,0.0,0.0,0.0
789,1628276515224,1.0,0.0,0.0,0.0,23.75,610.0,1522.0,1561.0,0.0,0.0,0.0
790,1628276515335,1.0,0.0,0.0,0.0,23.75,611.0,1522.0,1562.0,0.0,0.0,0.0
791,1628276515432,1.0,0.0,0.0,0.0,23.25,610.0,1522.0,1562.0,0.0,0.0,0.0
792,1628276515528,1.0,0.0,0.0,0.0,23.25,611.0,1522.0,1562.0,0.0,0.0,0.0
793,1628276515641,1.0,0.0,0.0,0.0,23.75,610.0,1519.0,1559.0,0.0,0.0,0.0
794,1628276515735,1.0,0.0,0.0,0.0,23.75,610.0,1520.0,1561.0,0.0,0.0,0.0
795,1628276515832,1.0,0.0,0.0,0.0,23.25,611.0,1520.0,1561.0,0.0,0.0,0.0
796,1628276515944,1.0,0.0,0.0,0.0,23.25,610.0,1518.0,1558.0,0.0,0.0,0.0
797,1628276516039,1.0,0.0,0.0,0.0,23.5,611.0,1518.0,1559.0,0.0,0.0,0.0
798,1628276516152,1.0,0.0,0.0,0.0,23.5,612.0,1518.0,1560.0,0.0,0.0,0.0
799,1628276516248,1.0,0.0,0.0,0.0,23.5,613.0,1518.0,1559.0,0.0,0.0,0.0
800,1628276516343,1.0,0.0,0.0,0.0,23.5,612.0,1517.0,1557.0,0.0,0.0,0.0
801,1628276516457,1.0,0.0,0.0,0.0,23.5,614.0,1513.0,1552.0,0.0,0.0,0.0
802,1628276516551,1.0,0.0,0.0,0.0,23.5,614.0,1511.0,1550.0,0.0,0.0,0.0
803,1628276516648,1.0,0.0,0.0,0.0,23.75,614.0,1508.0,1548.0,0.0,0.0,0.0
804,1628276516760,1.0,0.0,0.0,0.0,23.75,614.0,1508.0,1548.0,0.0,0.0,0.0
805,1628276516856,1.0,0.0,0.0,0.0,23.75,614.0,1508.0,1546.0,0.0,0.0,0.0
806,1628276516967,1.0,0.0,0.0,0.0,23.5,615.0,1508.0,1547.0,0.0,0.0,0.0
807,1628276517063,1.0,0.0,0.0,0.0,23.5,614.0,1505.0,1544.0,0.0,0.0,0.0
808,1628276517159,1.0,0.0,0.0,0.0,23.5,614.0,1503.0,1543.0,0.0,0.0,0.0
809,1628276517272,1.0,0.0,0.0,0.0,23.5,614.0,1504.0,1544.0,0.0,0.0,0.0
810,1628276517367,1.0,0.0,0.0,0.0,23.25,613.0,1504.0,1544.0,0.0,0.0,0.0
811,1628276517463,1.0,0.0,0.0,0.0,23.25,615.0,1505.0,1545.0,0.0,0.0,0.0
812,1628276517574,1.0,0.0,0.0,0.0,23.5,615.0,1505.0,1546.0,0.0,0.0,0.0
813,1628276517670,1.0,0.0,0.0,0.0,23.5,614.0,1504.0,1545.0,0.0,0.0,0.0
814,1628276517784,1.0,0.0,0.0,0.0,23.5,615.0,1503.0,1544.0,0.0,0.0,0.0
815,1628276517879,1.0,0.0,0.0,0.0,23.5,615.0,1502.0,1542.0,0.0,0.0,0.0
816,1628276517974,1.0,0.0,0.0,0.0,23.75,615.0,1502.0,1542.0,0.0,0.0,0.0
817,1628276518088,1.0,0.0,0.0,0.0,23.75,614.0,1501.0,1541.0,0.0,0.0,0.0
818,1628276518183,1.0,0.0,0.0,0.0,23.5,614.0,1500.0,1539.0,0.0,0.0,0.0
819,1628276518281,1.0,0.0,0.0,0.0,23.5,614.0,1501.0,1541.0,0.0,0.0,0.0
820,1628276518391,1.0,0.0,0.0,0.0,23.5,613.0,1498.0,1539.0,0.0,0.0,0.0
821,1628276518486,1.0,0.0,0.0,0.0,23.5,613.0,1499.0,1538.0,0.0,0.0,0.0
822,1628276518599,1.0,0.0,0.0,0.0,23.25,612.0,1497.0,1537.0,0.0,0.0,0.0
823,1628276518694,1.0,0.0,0.0,0.0,23.25,612.0,1496.0,1538.0,0.0,0.0,0.0
824,1628276518790,1.0,0.0,0.0,0.0,23.75,611.0,1496.0,1535.0,0.0,0.0,0.0
825,1628276518903,1.0,0.0,0.0,0.0,23.75,612.0,1493.0,1533.0,0.0,0.0,0.0
826,1628276519001,1.0,0.0,0.0,0.0,23.75,611.0,1493.0,1533.0,0.0,0.0,0.0
827,1628276519095,1.0,0.0,0.0,0.0,23.75,610.0,1491.0,1532.0,0.0,0.0,0.0
828,1628276519207,1.0,0.0,0.0,0.0,23.5,610.0,1490.0,1530.0,0.0,0.0,0.0
829,1628276519303,1.0,0.0,0.0,0.0,23.5,609.0,1488.0,1527.0,0.0,0.0,0.0
830,1628276519415,1.0,0.0,0.0,0.0,23.5,608.0,1487.0,1527.0,0.0,0.0,0.0
831,1628276519511,1.0,0.0,0.0,0.0,23.5,609.0,1487.0,1526.0,0.0,0.0,0.0
832,1628276519606,1.0,0.0,0.0,0.0,23.75,608.0,1486.0,1526.0,0.0,0.0,0.0
833,1628276519718,1.0,0.0,0.0,0.0,23.75,608.0,1485.0,1525.0,0.0,0.0,0.0
834,1628276519816,1.0,0.0,0.0,0.0,23.25,608.0,1484.0,1525.0,0.0,0.0,0.0
835,1628276519910,1.0,0.0,0.0,0.0,23.25,608.0,1484.0,1525.0,0.0,0.0,0.0
836,1628276520022,1.0,0.0,0.0,0.0,23.5,607.0,1482.0,1524.0,0.0,0.0,0.0
837,1628276520119,1.0,0.0,0.0,0.0,23.5,607.0,1481.0,1521.0,0.0,0.0,0.0
838,1628276520230,1.0,0.0,0.0,0.0,23.25,608.0,1485.0,1525.0,0.0,0.0,0.0
839,1628276520327,1.0,0.0,0.0,0.0,23.25,609.0,1482.0,1522.0,0.0,0.0,0.0
840,1628276520423,1.0,0.0,0.0,0.0,23.5,607.0,1482.0,1522.0,0.0,0.0,0.0
841,1628276520534,1.0,0.0,0.0,0.0,23.5,607.0,1480.0,1522.0,0.0,0.0,0.0
842,1628276520630,1.0,0.0,0.0,0.0,23.75,607.0,1480.0,1520.0,0.0,0.0,0.0
843,1628276520727,1.0,0.0,0.0,0.0,23.75,608.0,1478.0,1518.0,0.0,0.0,0.0
844,1628276520838,1.0,0.0,0.0,0.0,24.0,606.0,1479.0,1520.0,0.0,0.0,0.0
845,1628276520934,1.0,0.0,0.0,0.0,24.0,607.0,1479.0,1520.0,0.0,0.0,0.0
846,1628276521046,1.0,0.0,0.0,0.0,23.75,606.0,1480.0,1521.0,0.0,0.0,0.0
847,1628276521143,1.0,0.0,0.0,0.0,23.75,606.0,1478.0,1519.0,0.0,0.0,0.0
848,1628276521239,1.0,0.0,0.0,0.0,23.75,607.0,1477.0,1518.0,0.0,0.0,0.0
849,1628276521350,1.0,0.0,0.0,0.0,23.75,606.0,1474.0,1515.0,0.0,0.0,0.0
850,1628276521447,1.0,0.0,0.0,0.0,23.75,606.0,1472.0,1513.0,0.0,0.0,0.0
851,1628276521542,1.0,0.0,0.0,0.0,23.75,606.0,1470.0,1512.0,0.0,0.0,0.0
852,1628276521653,1.0,0.0,0.0,0.0,23.75,607.0,1470.0,1512.0,0.0,0.0,0.0
853,1628276521749,1.0,0.0,0.0,0.0,23.75,606.0,1472.0,1513.0,0.0,0.0,0.0
854,1628276521862,1.0,0.0,0.0,0.0,23.75,606.0,1472.0,1512.0,0.0,0.0,0.0
855,1628276521959,1.0,0.0,0.0,0.0,23.75,606.0,1472.0,1512.0,0.0,0.0,0.0
856,1628276522054,1.0,0.0,0.0,0.0,23.75,607.0,1472.0,1512.0,0.0,0.0,0.0
857,1628276522165,1.0,0.0,0.0,0.0,23.75,606.0,1471.0,1511.0,0.0,0.0,0.0
858,1628276522262,1.0,0.0,0.0,0.0,23.75,606.0,1470.0,1511.0,0.0,0.0,0.0
859,1628276522375,1.0,0.0,0.0,0.0,23.5,606.0,1471.0,1512.0,0.0,0.0,0.0
860,1628276522469,1.0,0.0,0.0,0.0,23.5,607.0,1467.0,1509.0,0.0,0.0,0.0
861,1628276522567,1.0,0.0,0.0,0.0,23.75,606.0,1466.0,1507.0,0.0,0.0,0.0
862,1628276522679,1.0,0.0,0.0,0.0,23.75,606.0,1468.0,1509.0,0.0,0.0,0.0
863,1628276522772,1.0,0.0,0.0,0.0,23.5,606.0,1466.0,1508.0,0.0,0.0,0.0
864,1628276522869,1.0,0.0,0.0,0.0,23.5,606.0,1465.0,1507.0,0.0,0.0,0.0
865,1628276522982,1.0,0.0,0.0,0.0,23.5,606.0,1465.0,1507.0,0.0,0.0,0.0
866,1628276523077,1.0,0.0,0.0,0.0,23.5,606.0,1465.0,1506.0,0.0,0.0,0.0
867,1628276523188,1.0,0.0,0.0,0.0,23.5,606.0,1465.0,1507.0,0.0,0.0,0.0
868,1628276523286,1.0,0.0,0.0,0.0,23.5,606.0,1462.0,1504.0,0.0,0.0,0.0
869,1628276523381,1.0,0.0,0.0,0.0,23.5,606.0,1463.0,1505.0,0.0,0.0,0.0
870,1628276523494,1.0,0.0,0.0,0.0,23.5,606.0,1461.0,1504.0,0.0,0.0,0.0
871,1628276523589,1.0,0.0,0.0,0.0,23.5,606.0,1461.0,1502.0,0.0,0.0,0.0
872,1628276523685,1.0,0.0,0.0,0.0,23.5,606.0,1461.0,1502.0,0.0,0.0,0.0
873,1628276523797,1.0,0.0,0.0,0.0,23.5,606.0,1459.0,1501.0,0.0,0.0,0.0
874,1628276523895,1.0,0.0,0.0,0.0,23.5,605.0,1457.0,1499.0,0.0,0.0,0.0
875,1628276523988,1.0,0.0,0.0,0.0,24.25,606.0,1458.0,1500.0,0.0,0.0,0.0
876,1628276524101,1.0,0.0,0.0,0.0,24.25,606.0,1456.0,1499.0,0.0,0.0,0.0
877,1628276524197,1.0,0.0,0.0,0.0,23.5,606.0,1456.0,1499.0,0.0,0.0,0.0
878,1628276524311,1.0,0.0,0.0,0.0,23.5,605.0,1456.0,1498.0,0.0,0.0,0.0
879,1628276524405,1.0,0.0,0.0,0.0,23.75,605.0,1457.0,1498.0,0.0,0.0,0.0
880,1628276524502,1.0,0.0,0.0,0.0,23.75,606.0,1455.0,1497.0,0.0,0.0,0.0
881,1628276524613,1.0,0.0,0.0,0.0,23.75,606.0,1454.0,1495.0,0.0,0.0,0.0
882,1628276524710,1.0,0.0,0.0,0.0,23.75,606.0,1455.0,1497.0,0.0,0.0,0.0
883,1628276524820,1.0,0.0,0.0,0.0,23.75,605.0,1454.0,1496.0,0.0,0.0,0.0
884,1628276524917,1.0,0.0,0.0,0.0,23.75,606.0,1455.0,1498.0,0.0,0.0,0.0
885,1628276525013,1.0,0.0,0.0,0.0,23.75,606.0,1453.0,1496.0,0.0,0.0,0.0
886,1628276525125,1.0,0.0,0.0,0.0,23.75,606.0,1454.0,1498.0,0.0,0.0,0.0
887,1628276525220,1.0,0.0,0.0,0.0,23.5,605.0,1455.0,1497.0,0.0,0.0,0.0
888,1628276525316,1.0,0.0,0.0,0.0,23.5,605.0,1454.0,1497.0,0.0,0.0,0.0
889,1628276525429,1.0,0.0,0.0,0.0,23.5,606.0,1450.0,1492.0,0.0,0.0,0.0
890,1628276525524,1.0,0.0,0.0,0.0,23.5,605.0,1448.0,1491.0,0.0,0.0,0.0
891,1628276525637,1.0,0.0,0.0,0.0,23.75,606.0,1447.0,1489.0,0.0,0.0,0.0
892,1628276525733,1.0,0.0,0.0,0.0,23.75,605.0,1448.0,1489.0,0.0,0.0,0.0
893,1628276525830,1.0,0.0,0.0,0.0,24.0,605.0,1447.0,1489.0,0.0,0.0,0.0
894,1628276525941,1.0,0.0,0.0,0.0,24.0,605.0,1449.0,1490.0,0.0,0.0,0.0
895,1628276526036,1.0,0.0,0.0,0.0,23.25,605.0,1446.0,1487.0,0.0,0.0,0.0
